config,family,bond_length,basis,nelecas,norbcas,n_fci,n_overlap,n_energy,ratio,frac_overlap,frac_energy,err_overlap,err_energy,fci_energy,seconds
h4_r0.60,h4,0.60,sto-3g,4,4,36,9,9,1.0000,0.25000000,0.25000000,1.3619,1.3619,-1.9601936449,0.0
h4_r0.85,h4,0.85,sto-3g,4,4,36,11,11,1.0000,0.30555556,0.30555556,0.6670,0.6670,-2.1783136329,0.0
h4_r1.11,h4,1.11,sto-3g,4,4,36,12,11,1.0909,0.33333333,0.30555556,0.2512,1.5275,-2.1346492507,0.0
h4_r1.36,h4,1.36,sto-3g,4,4,36,12,12,1.0000,0.33333333,0.33333333,0.7098,0.7098,-2.0432348008,0.0
h4_r1.62,h4,1.62,sto-3g,4,4,36,12,12,1.0000,0.33333333,0.33333333,1.5763,1.5763,-1.9624064654,0.0
h4_r1.87,h4,1.87,sto-3g,4,4,36,14,14,1.0000,0.38888889,0.38888889,1.2626,1.2626,-1.9134593167,0.0
h4_r2.13,h4,2.13,sto-3g,4,4,36,13,13,1.0000,0.36111111,0.36111111,1.4845,1.4845,-1.8869828449,0.0
h4_r2.38,h4,2.38,sto-3g,4,4,36,12,12,1.0000,0.33333333,0.33333333,1.2368,1.2368,-1.8752430888,0.0
h4_r2.64,h4,2.64,sto-3g,4,4,36,6,6,1.0000,0.16666667,0.16666667,1.3735,1.3735,-1.8699246047,0.0
h4_r2.89,h4,2.89,sto-3g,4,4,36,6,6,1.0000,0.16666667,0.16666667,0.5997,0.5997,-1.8677807051,0.0
h4_r3.15,h4,3.15,sto-3g,4,4,36,6,6,1.0000,0.16666667,0.16666667,0.2402,0.2402,-1.8668713802,0.0
h4_r3.40,h4,3.40,sto-3g,4,4,36,6,6,1.0000,0.16666667,0.16666667,0.0941,0.0941,-1.8665304381,0.0
h6_r0.60,h6,0.60,sto-3g,6,6,400,40,39,1.0256,0.10000000,0.09750000,1.5314,1.5733,-2.7964192303,0.0
h6_r0.85,h6,0.85,sto-3g,6,6,400,56,53,1.0566,0.14000000,0.13250000,1.5442,1.5388,-3.2324052782,0.0
h6_r1.11,h6,1.11,sto-3g,6,6,400,87,85,1.0235,0.21750000,0.21250000,1.5861,1.5594,-3.1962280059,0.1
h6_r1.36,h6,1.36,sto-3g,6,6,400,109,109,1.0000,0.27250000,0.27250000,1.5662,1.5662,-3.0655442289,0.1
h6_r1.62,h6,1.62,sto-3g,6,6,400,135,134,1.0075,0.33750000,0.33500000,1.5466,1.5759,-2.9449108401,0.1
h6_r1.87,h6,1.87,sto-3g,6,6,400,145,145,1.0000,0.36250000,0.36250000,1.5535,1.5844,-2.8709563574,0.1
h6_r2.13,h6,2.13,sto-3g,6,6,400,148,148,1.0000,0.37000000,0.37000000,1.5477,1.5477,-2.8308174248,0.1
h6_r2.38,h6,2.38,sto-3g,6,6,400,144,143,1.0070,0.36000000,0.35750000,1.5748,1.5736,-2.8130161718,0.1
h6_r2.64,h6,2.64,sto-3g,6,6,400,100,100,1.0000,0.25000000,0.25000000,1.5989,1.5989,-2.8049537515,0.1
h6_r2.89,h6,2.89,sto-3g,6,6,400,20,20,1.0000,0.05000000,0.05000000,1.2157,1.2157,-2.8017019244,0.1
h6_r3.15,h6,3.15,sto-3g,6,6,400,20,20,1.0000,0.05000000,0.05000000,0.5081,0.5081,-2.8003205332,0.1
h6_r3.40,h6,3.40,sto-3g,6,6,400,20,20,1.0000,0.05000000,0.05000000,0.2199,0.2199,-2.7998014372,0.1
h8_r0.60,h8,0.60,sto-3g,8,8,4900,127,124,1.0242,0.02591837,0.02530612,1.5622,1.5816,-3.6316294903,0.9
h8_r0.91,h8,0.91,sto-3g,8,8,4900,365,360,1.0139,0.07448980,0.07346939,1.5952,1.5939,-4.3130815764,0.9
h8_r1.22,h8,1.22,sto-3g,8,8,4900,917,907,1.0110,0.18714286,0.18510204,1.5969,1.5984,-4.1881446051,1.2
h8_r1.53,h8,1.53,sto-3g,8,8,4900,1416,1412,1.0028,0.28897959,0.28816327,1.5953,1.5999,-3.9772959648,1.5
h8_r1.84,h8,1.84,sto-3g,8,8,4900,1671,1661,1.0060,0.34102041,0.33897959,1.5952,1.5990,-3.8376619332,1.9
h8_r2.16,h8,2.16,sto-3g,8,8,4900,1754,1755,0.9994,0.35795918,0.35816327,1.5938,1.5935,-3.7707523523,2.3
h8_r2.47,h8,2.47,sto-3g,8,8,4900,1693,1690,1.0018,0.34551020,0.34489796,1.5995,1.5996,-3.7459733080,2.5
h8_r2.78,h8,2.78,sto-3g,8,8,4900,1238,1237,1.0008,0.25265306,0.25244898,1.5931,1.5997,-3.7370976177,2.6
h8_r3.09,h8,3.09,sto-3g,8,8,4900,92,101,0.9109,0.01877551,0.02061224,1.0171,1.0171,-3.7340595119,2.5
h8_r3.40,h8,3.40,sto-3g,8,8,4900,94,101,0.9307,0.01918367,0.02061224,0.3985,0.3985,-3.7330729706,4.2
h10_r0.70,h10,0.70,sto-3g,10,10,63504,617,605,1.0198,0.00971592,0.00952696,1.5985,1.5995,-5.0238457282,36.5
h10_r1.30,h10,1.30,sto-3g,10,10,63504,10075,10037,1.0038,0.15865142,0.15805304,1.5999,1.5997,-5.1650295305,48.6
h10_r1.90,h10,1.90,sto-3g,10,10,63504,21637,21616,1.0010,0.34071869,0.34038801,1.5997,1.5998,-4.7757480488,90.8
h10_r2.50,h10,2.50,sto-3g,10,10,63504,22500,22506,0.9997,0.35430839,0.35440287,1.5996,1.5998,-4.6808913207,144.9
h10_r3.10,h10,3.10,sto-3g,10,10,63504,374,393,0.9517,0.00588939,0.00618859,1.4478,1.4478,-4.6675187793,141.9
h2_r0.50,h2,0.50,sto-3g,2,2,4,2,2,1.0000,0.50000000,0.50000000,0.0000,0.0000,-1.0551597945,0.0
h2_r0.78,h2,0.78,sto-3g,2,2,4,2,2,1.0000,0.50000000,0.50000000,-0.0000,0.0000,-1.1357266966,0.0
h2_r1.06,h2,1.06,sto-3g,2,2,4,2,2,1.0000,0.50000000,0.50000000,0.0000,-0.0000,-1.0881317157,0.0
h2_r1.33,h2,1.33,sto-3g,2,2,4,2,2,1.0000,0.50000000,0.50000000,-0.0000,-0.0000,-1.0290456486,0.0
h2_r1.61,h2,1.61,sto-3g,2,2,4,2,2,1.0000,0.50000000,0.50000000,0.0000,0.0000,-0.9821517671,0.0
h2_r1.89,h2,1.89,sto-3g,2,2,4,2,2,1.0000,0.50000000,0.50000000,0.0000,0.0000,-0.9550006361,0.0
h2_r2.17,h2,2.17,sto-3g,2,2,4,2,2,1.0000,0.50000000,0.50000000,0.0000,0.0000,-0.9420689586,0.0
h2_r2.44,h2,2.44,sto-3g,2,2,4,2,2,1.0000,0.50000000,0.50000000,-0.0000,-0.0000,-0.9367267420,0.0
h2_r2.72,h2,2.72,sto-3g,2,2,4,2,2,1.0000,0.50000000,0.50000000,0.0000,0.0000,-0.9344853325,0.0
h2_r3.00,h2,3.00,sto-3g,2,2,4,2,2,1.0000,0.50000000,0.50000000,0.0000,0.0000,-0.9336318446,0.0
lih_r1.00,lih,1.00,sto-3g,2,5,25,5,5,1.0000,0.20000000,0.20000000,1.3323,1.3323,-7.7840213204,0.0
lih_r1.33,lih,1.33,sto-3g,2,5,25,7,5,1.4000,0.28000000,0.20000000,1.1447,1.2656,-7.8723771866,0.0
lih_r1.67,lih,1.67,sto-3g,2,5,25,7,5,1.4000,0.28000000,0.20000000,0.9989,1.3615,-7.8803133398,0.0
lih_r2.00,lih,2.00,sto-3g,2,5,25,5,5,1.0000,0.20000000,0.20000000,1.4395,1.4395,-7.8608282582,0.0
lih_r2.33,lih,2.33,sto-3g,2,5,25,6,6,1.0000,0.24000000,0.24000000,1.1817,1.1817,-7.8354695959,0.0
lih_r2.67,lih,2.67,sto-3g,2,5,25,7,7,1.0000,0.28000000,0.28000000,0.6919,0.6919,-7.8130506737,0.0
lih_r3.00,lih,3.00,sto-3g,2,5,25,7,7,1.0000,0.28000000,0.28000000,1.2070,1.2070,-7.7985042226,0.0
lih_r3.33,lih,3.33,sto-3g,2,5,25,8,8,1.0000,0.32000000,0.32000000,0.3855,0.3855,-7.7902988128,0.0
lih_r3.67,lih,3.67,sto-3g,2,5,25,8,8,1.0000,0.32000000,0.32000000,0.3629,0.3629,-7.7859823707,0.0
lih_r4.00,lih,4.00,sto-3g,2,5,25,7,7,1.0000,0.28000000,0.28000000,0.9653,0.9653,-7.7839310200,0.0
bh_r0.80,bh,0.80,sto-3g,4,5,100,14,14,1.0000,0.14000000,0.14000000,1.4150,1.3085,-24.6246203687,0.1
bh_r1.07,bh,1.07,sto-3g,4,5,100,15,14,1.0714,0.15000000,0.14000000,1.5549,1.3480,-24.7920556074,0.0
bh_r1.33,bh,1.33,sto-3g,4,5,100,15,15,1.0000,0.15000000,0.15000000,0.8244,0.8244,-24.8070810904,0.0
bh_r1.60,bh,1.60,sto-3g,4,5,100,15,15,1.0000,0.15000000,0.15000000,1.1629,1.1629,-24.7765403861,0.0
bh_r1.87,bh,1.87,sto-3g,4,5,100,16,16,1.0000,0.16000000,0.16000000,1.2222,1.2222,-24.7364313880,0.0
bh_r2.13,bh,2.13,sto-3g,4,5,100,17,17,1.0000,0.17000000,0.17000000,1.2822,1.2822,-24.7033942047,0.0
bh_r2.40,bh,2.40,sto-3g,4,5,100,18,18,1.0000,0.18000000,0.18000000,1.2608,1.2608,-24.6800803963,0.0
bh_r2.67,bh,2.67,sto-3g,4,5,100,15,15,1.0000,0.15000000,0.15000000,1.5849,1.5849,-24.6669777461,0.0
bh_r2.93,bh,2.93,sto-3g,4,5,100,12,13,0.9231,0.12000000,0.13000000,1.1444,1.5536,-24.6606707422,0.0
bh_r3.20,bh,3.20,sto-3g,4,5,100,19,20,0.9500,0.19000000,0.20000000,1.4571,1.4041,-24.6575335431,0.1
hf_r0.70,hf,0.70,sto-3g,8,5,25,5,5,1.0000,0.20000000,0.20000000,0.9466,0.9466,-98.4376238682,0.0
hf_r0.93,hf,0.93,sto-3g,8,5,25,5,5,1.0000,0.20000000,0.20000000,1.0616,1.0616,-98.5987916421,0.0
hf_r1.17,hf,1.17,sto-3g,8,5,25,5,5,1.0000,0.20000000,0.20000000,1.3069,1.3069,-98.5838071639,0.0
hf_r1.40,hf,1.40,sto-3g,8,5,25,7,5,1.4000,0.28000000,0.20000000,0.7793,1.5638,-98.5379860269,0.0
hf_r1.63,hf,1.63,sto-3g,8,5,25,6,6,1.0000,0.24000000,0.24000000,1.4018,0.7941,-98.4988677214,0.0
hf_r1.87,hf,1.87,sto-3g,8,5,25,3,3,1.0000,0.12000000,0.12000000,1.5820,1.5820,-98.4737077107,0.0
hf_r2.10,hf,2.10,sto-3g,8,5,25,3,3,1.0000,0.12000000,0.12000000,0.9146,0.9146,-98.4618664093,0.0
hf_r2.33,hf,2.33,sto-3g,8,5,25,3,3,1.0000,0.12000000,0.12000000,0.5253,0.5253,-98.4566522091,0.0
hf_r2.57,hf,2.57,sto-3g,8,5,25,3,3,1.0000,0.12000000,0.12000000,0.3039,0.3039,-98.4544290341,0.0
hf_r2.80,hf,2.80,sto-3g,8,5,25,1,2,0.5000,0.04000000,0.08000000,1.4210,0.9498,-98.4535945644,0.1
li2_r2.00,li2,2.00,sto-3g,2,8,64,5,5,1.0000,0.07812500,0.07812500,0.9793,0.9793,-14.6452422609,0.0
li2_r2.50,li2,2.50,sto-3g,2,8,64,7,7,1.0000,0.10937500,0.10937500,0.8449,0.8449,-14.6657963082,0.0
li2_r3.00,li2,3.00,sto-3g,2,8,64,8,8,1.0000,0.12500000,0.12500000,1.0235,0.8516,-14.6632818105,0.0
li2_r3.50,li2,3.50,sto-3g,2,8,64,8,8,1.0000,0.12500000,0.12500000,1.2859,1.2859,-14.6534555425,0.0
li2_r4.00,li2,4.00,sto-3g,2,8,64,8,8,1.0000,0.12500000,0.12500000,1.5594,1.2310,-14.6440161530,0.0
li2_r4.50,li2,4.50,sto-3g,2,8,64,7,7,1.0000,0.10937500,0.10937500,1.2067,1.2067,-14.6376377738,0.0
li2_r5.00,li2,5.00,sto-3g,2,8,64,6,6,1.0000,0.09375000,0.09375000,0.8952,0.8952,-14.6341240402,0.0
li2_r5.50,li2,5.50,sto-3g,2,8,64,5,5,1.0000,0.07812500,0.07812500,1.0513,0.9995,-14.6324111484,0.0
li2_r6.00,li2,6.00,sto-3g,2,8,64,4,4,1.0000,0.06250000,0.06250000,0.9822,1.0982,-14.6316347620,0.0
f2_r1.00,f2,1.00,sto-3g,14,8,64,8,8,1.0000,0.12500000,0.12500000,0.5478,0.5478,-195.6610105082,0.0
f2_r1.27,f2,1.27,sto-3g,14,8,64,8,7,1.1429,0.12500000,0.10937500,0.5871,1.5282,-196.0323905593,0.0
f2_r1.55,f2,1.55,sto-3g,14,8,64,8,8,1.0000,0.12500000,0.12500000,1.0787,1.1106,-196.0344801693,0.0
f2_r1.83,f2,1.83,sto-3g,14,8,64,7,6,1.1667,0.10937500,0.09375000,1.2362,1.1737,-195.9969838551,0.0
f2_r2.10,f2,2.10,sto-3g,14,8,64,7,5,1.4000,0.10937500,0.07812500,1.2001,1.2489,-195.9796293700,0.0
f2_r2.38,f2,2.38,sto-3g,14,8,64,2,2,1.0000,0.03125000,0.03125000,1.0129,1.0129,-195.9741025375,0.0
f2_r2.65,f2,2.65,sto-3g,14,8,64,3,3,1.0000,0.04687500,0.04687500,0.7756,0.7756,-195.9734291842,0.0
f2_r2.93,f2,2.93,sto-3g,14,8,64,3,3,1.0000,0.04687500,0.04687500,0.2980,0.2980,-195.9732613786,0.0
f2_r3.20,f2,3.20,sto-3g,14,8,64,3,3,1.0000,0.04687500,0.04687500,0.3057,0.3057,-195.9731697251,0.0
n2_r0.80,n2,0.80,sto-3g,10,8,3136,83,83,1.0000,0.02646684,0.02646684,1.5658,1.5577,-106.7659346606,0.5
n2_r1.07,n2,1.07,sto-3g,10,8,3136,122,119,1.0252,0.03890306,0.03794643,1.5865,1.5769,-107.6334082792,0.5
n2_r1.33,n2,1.33,sto-3g,10,8,3136,166,165,1.0061,0.05293367,0.05261480,1.5961,1.5923,-107.6494875477,0.5
n2_r1.60,n2,1.60,sto-3g,10,8,3136,143,139,1.0288,0.04559949,0.04432398,1.5986,1.5755,-107.5419618354,0.5
n2_r1.87,n2,1.87,sto-3g,10,8,3136,241,240,1.0042,0.07684949,0.07653061,1.5830,1.5708,-107.4704991752,0.6
n2_r2.13,n2,2.13,sto-3g,10,8,3136,164,159,1.0314,0.05229592,0.05070153,1.5822,1.5794,-107.4472494987,0.6
n2_r2.40,n2,2.40,sto-3g,10,8,3136,106,114,0.9298,0.03380102,0.03635204,1.5680,1.4979,-107.4412958271,0.6
n2_r2.67,n2,2.67,sto-3g,10,8,3136,95,96,0.9896,0.03029337,0.03061224,1.5372,1.4810,-107.4394387166,0.6
n2_r2.93,n2,2.93,sto-3g,10,8,3136,91,76,1.1974,0.02901786,0.02423469,1.5096,1.5070,-107.4386221795,0.7
n2_r3.20,n2,3.20,sto-3g,10,8,3136,20,20,1.0000,0.00637755,0.00637755,1.4515,1.4515,-107.4382426773,0.7
co_r0.90,co,0.90,sto-3g,10,8,3136,123,121,1.0165,0.03922194,0.03858418,1.5890,1.5960,-111.0234903034,0.4
co_r1.16,co,1.16,sto-3g,10,8,3136,269,263,1.0228,0.08577806,0.08386480,1.5962,1.5925,-111.3703426270,0.5
co_r1.43,co,1.43,sto-3g,10,8,3136,350,347,1.0086,0.11160714,0.11065051,1.5912,1.5991,-111.3050588609,0.6
co_r1.69,co,1.69,sto-3g,10,8,3136,384,378,1.0159,0.12244898,0.12053571,1.5912,1.5900,-111.1898290609,0.7
co_r1.95,co,1.95,sto-3g,10,8,3136,288,281,1.0249,0.09183673,0.08960459,1.5971,1.5823,-111.1015123507,0.8
co_r2.21,co,2.21,sto-3g,10,8,3136,242,227,1.0661,0.07716837,0.07238520,1.5921,1.5914,-111.0543943028,1.2
co_r2.48,co,2.48,sto-3g,10,8,3136,105,90,1.1667,0.03348214,0.02869898,1.5945,1.5769,-111.0345456653,1.9
co_r2.74,co,2.74,sto-3g,10,8,3136,158,154,1.0260,0.05038265,0.04910714,1.5908,1.5829,-111.0274186276,3.5
co_r3.00,co,3.00,sto-3g,10,8,3136,27,35,0.7714,0.00860969,0.01116071,1.1821,0.8079,-111.0247007708,9.4
c2_r1.00,c2,1.00,sto-3g,8,8,4900,309,308,1.0032,0.06306122,0.06285714,1.5894,1.5987,-74.4958638989,1.0
c2_r1.27,c2,1.27,sto-3g,8,8,4900,289,280,1.0321,0.05897959,0.05714286,1.5917,1.5896,-74.6902005313,1.0
c2_r1.55,c2,1.55,sto-3g,8,8,4900,303,286,1.0594,0.06183673,0.05836735,1.5777,1.5848,-74.6259593347,1.1
c2_r1.83,c2,1.83,sto-3g,8,8,4900,369,357,1.0336,0.07530612,0.07285714,1.5994,1.5983,-74.5455986805,1.7
c2_r2.10,c2,2.10,sto-3g,8,8,4900,213,206,1.0340,0.04346939,0.04204082,1.5859,1.5996,-74.4849282971,2.2
c2_r2.38,c2,2.38,sto-3g,8,8,4900,377,355,1.0620,0.07693878,0.07244898,1.5799,1.5438,-74.4559759619,3.0
c2_r2.65,c2,2.65,sto-3g,8,8,4900,293,274,1.0693,0.05979592,0.05591837,1.5758,1.5816,-74.4450378456,4.6
c2_r2.93,c2,2.93,sto-3g,8,8,4900,249,244,1.0205,0.05081633,0.04979592,1.5624,1.5781,-74.4406093888,7.0
c2_r3.20,c2,3.20,sto-3g,8,8,4900,234,231,1.0130,0.04775510,0.04714286,1.5381,1.5422,-74.4388320707,13.5
lif_r1.20,lif,1.20,sto-3g,8,8,4900,105,105,1.0000,0.02142857,0.02142857,1.5881,1.5880,-105.3891303534,1.4
lif_r1.55,lif,1.55,sto-3g,8,8,4900,145,136,1.0662,0.02959184,0.02775510,1.5934,1.5957,-105.4353777460,1.4
lif_r1.90,lif,1.90,sto-3g,8,8,4900,179,170,1.0529,0.03653061,0.03469388,1.5957,1.5754,-105.3946702746,1.7
lif_r2.25,lif,2.25,sto-3g,8,8,4900,208,203,1.0246,0.04244898,0.04142857,1.5727,1.5941,-105.3512042412,1.8
lif_r2.60,lif,2.60,sto-3g,8,8,4900,62,62,1.0000,0.01265306,0.01265306,1.5705,1.5374,-105.3239944214,2.3
lif_r2.95,lif,2.95,sto-3g,8,8,4900,44,44,1.0000,0.00897959,0.00897959,1.5192,1.5192,-105.3118768986,2.6
lif_r3.30,lif,3.30,sto-3g,8,8,4900,8,8,1.0000,0.00163265,0.00163265,1.3464,1.3464,-105.3065934357,2.7
lif_r3.65,lif,3.65,sto-3g,8,8,4900,8,8,1.0000,0.00163265,0.00163265,0.6520,0.6520,-105.3041626127,2.5
lif_r4.00,lif,4.00,sto-3g,8,8,4900,7,7,1.0000,0.00142857,0.00142857,0.8053,0.8053,-105.3030212543,2.4
beo_r1.00,beo,1.00,sto-3g,8,8,4900,180,179,1.0056,0.03673469,0.03653061,1.5849,1.5891,-88.0827536084,1.1
beo_r1.25,beo,1.25,sto-3g,8,8,4900,366,356,1.0281,0.07469388,0.07265306,1.5963,1.5927,-88.3193919074,1.2
beo_r1.50,beo,1.50,sto-3g,8,8,4900,376,377,0.9973,0.07673469,0.07693878,1.5912,1.5981,-88.3142560066,1.4
beo_r1.75,beo,1.75,sto-3g,8,8,4900,424,409,1.0367,0.08653061,0.08346939,1.5828,1.5986,-88.2674296008,1.9
beo_r2.00,beo,2.00,sto-3g,8,8,4900,283,269,1.0520,0.05775510,0.05489796,1.5855,1.5832,-88.2334485774,1.9
beo_r2.25,beo,2.25,sto-3g,8,8,4900,136,130,1.0462,0.02775510,0.02653061,1.5757,1.5826,-88.2136799165,2.0
beo_r2.50,beo,2.50,sto-3g,8,8,4900,66,61,1.0820,0.01346939,0.01244898,1.4933,1.5725,-88.2095803693,1.9
beo_r2.75,beo,2.75,sto-3g,8,8,4900,47,45,1.0444,0.00959184,0.00918367,1.3347,1.5896,-88.2093016922,1.8
beo_r3.00,beo,3.00,sto-3g,8,8,4900,40,39,1.0256,0.00816327,0.00795918,1.5925,1.5837,-88.2087447389,1.7
bn_r1.00,bn,1.00,sto-3g,8,8,4900,366,356,1.0281,0.07469388,0.07265306,1.5910,1.5962,-77.8699084184,1.2
bn_r1.25,bn,1.25,sto-3g,8,8,4900,618,604,1.0232,0.12612245,0.12326531,1.5979,1.5969,-78.0739878391,1.5
bn_r1.50,bn,1.50,sto-3g,8,8,4900,598,563,1.0622,0.12204082,0.11489796,1.5980,1.5979,-78.0394611770,1.6
bn_r1.75,bn,1.75,sto-3g,8,8,4900,410,395,1.0380,0.08367347,0.08061224,1.5974,1.5943,-77.9866683993,1.8
bn_r2.00,bn,2.00,sto-3g,8,8,4900,409,394,1.0381,0.08346939,0.08040816,1.5836,1.5938,-77.9583942207,1.7
bn_r2.25,bn,2.25,sto-3g,8,8,4900,377,366,1.0301,0.07693878,0.07469388,1.5986,1.5999,-77.9330146100,1.7
bn_r2.50,bn,2.50,sto-3g,8,8,4900,140,137,1.0219,0.02857143,0.02795918,1.5795,1.5907,-77.9187618331,1.4
bn_r2.75,bn,2.75,sto-3g,8,8,4900,96,95,1.0105,0.01959184,0.01938776,1.5985,1.5810,-77.9127030688,1.4
bn_r3.00,bn,3.00,sto-3g,8,8,4900,63,62,1.0161,0.01285714,0.01265306,1.5511,1.5450,-77.9101617376,1.5
beh2_r1.00,beh2,1.00,sto-3g,4,6,225,11,11,1.0000,0.04888889,0.04888889,0.6660,0.6660,-15.4814230553,0.0
beh2_r1.26,beh2,1.26,sto-3g,4,6,225,11,11,1.0000,0.04888889,0.04888889,0.8718,0.8718,-15.5924382431,0.0
beh2_r1.51,beh2,1.51,sto-3g,4,6,225,12,12,1.0000,0.05333333,0.05333333,1.1000,1.1000,-15.5738155246,0.0
beh2_r1.77,beh2,1.77,sto-3g,4,6,225,17,18,0.9444,0.07555556,0.08000000,1.5301,1.5337,-15.5095959017,0.0
beh2_r2.03,beh2,2.03,sto-3g,4,6,225,27,27,1.0000,0.12000000,0.12000000,1.4792,1.5208,-15.4378585403,0.0
beh2_r2.29,beh2,2.29,sto-3g,4,6,225,32,31,1.0323,0.14222222,0.13777778,1.3012,1.4114,-15.3796467157,0.0
beh2_r2.54,beh2,2.54,sto-3g,4,6,225,31,31,1.0000,0.13777778,0.13777778,1.0638,1.0638,-15.3482111060,0.0
beh2_r2.80,beh2,2.80,sto-3g,4,6,225,30,30,1.0000,0.13333333,0.13333333,1.4699,1.4699,-15.3380052521,0.0
c2h2_r1.00,c2h2,1.00,sto-3g,10,10,63504,663,646,1.0263,0.01044029,0.01017259,1.5988,1.5977,-75.8584658245,38.7
c2h2_r1.35,c2h2,1.35,sto-3g,10,10,63504,1882,1837,1.0245,0.02963593,0.02892731,1.5992,1.5991,-75.9269674165,32.9
c2h2_r1.70,c2h2,1.70,sto-3g,10,10,63504,4725,4698,1.0057,0.07440476,0.07397959,1.5999,1.5993,-75.6145579103,47.0
c2h2_r2.05,c2h2,2.05,sto-3g,10,10,63504,5325,5247,1.0149,0.08385299,0.08262472,1.5996,1.5998,-75.4491877505,81.3
c2h2_r2.40,c2h2,2.40,sto-3g,10,10,63504,2887,2837,1.0176,0.04546170,0.04467435,1.5998,1.5992,-75.3933763580,170.1
