config,family,bond_length,basis,nelecas,norbcas,n_fci,n_needed,fraction,deficit_bits,n_cisd,e_cisd,e_fci,S_cisd,S_fci,H_cisd,R0.1_cisd,R0.15_cisd,R0.25_cisd,R0.5_cisd,R0.75_cisd,R2_cisd,c_hf2_cisd,H_fci,R0.1_fci,R0.15_fci,R0.25_fci,R0.5_fci,R0.75_fci,R2_fci,c_hf2_fci,S_hf,seconds
h4_r0.60,h4,0.60,sto-3g,4,4,36,9,0.25000000,2.000000,27,-1.9600816089,-1.9601936449,0.482649,0.486241,0.139413,3.133353,2.747171,2.021850,0.769067,0.292424,0.042630,0.985286,0.140499,3.389612,2.936784,2.122008,0.784425,0.295361,0.042948,0.985177,0.00e+00,0.0
h4_r0.85,h4,0.85,sto-3g,4,4,36,11,0.30555556,1.710493,27,-2.1777447133,-2.1783136329,1.040010,1.063509,0.313122,3.280414,2.966444,2.363600,1.174762,0.566359,0.109916,0.962343,0.320733,3.564726,3.195336,2.509786,1.218894,0.581930,0.112495,0.961476,0.00e+00,0.0
h4_r1.11,h4,1.11,sto-3g,4,4,36,12,0.33333333,1.584963,27,-2.1321942350,-2.1346492507,1.953738,2.064738,0.613206,3.378662,3.120705,2.631731,1.610470,0.959855,0.250775,0.915467,0.651862,3.715678,3.415207,2.857116,1.723936,1.021959,0.266461,0.910413,0.00e+00,0.0
h4_r1.36,h4,1.36,sto-3g,4,4,36,12,0.33333333,1.584963,27,-2.0350749902,-2.0432348008,3.137701,3.477649,1.024507,3.440619,3.225128,2.832488,2.013290,1.414122,0.492391,0.838498,1.153951,3.777228,3.536311,3.107826,2.230138,1.582736,0.556346,0.819541,0.00e+00,0.0
h4_r1.62,h4,1.62,sto-3g,4,4,36,12,0.33333333,1.584963,27,-1.9408206321,-1.9624064654,4.477791,5.139378,1.505440,3.532289,3.356379,3.036801,2.373640,1.870377,0.868893,0.725227,1.798705,3.933537,3.752444,3.422211,2.736844,2.204181,1.038494,0.682794,0.00e+00,0.0
h4_r1.87,h4,1.87,sto-3g,4,4,36,14,0.38888889,1.362570,27,-1.8741055620,-1.9134593167,6.064380,6.449252,2.109848,3.668075,3.545591,3.314157,2.800532,2.401847,1.536445,0.526166,2.349636,4.019710,3.876322,3.615394,3.081274,2.673233,1.593941,0.544188,0.00e+00,0.0
h4_r2.13,h4,2.13,sto-3g,4,4,36,13,0.36111111,1.469485,27,-1.8494407845,-1.8869828449,8.000000,7.284360,2.584963,2.603114,2.586094,2.584967,2.584963,2.584963,2.584963,0.166667,2.716635,4.061131,3.935293,3.712282,3.272841,2.957834,2.098260,0.429164,0.00e+00,0.0
h4_r2.38,h4,2.38,sto-3g,4,4,36,12,0.33333333,1.584963,27,-1.8592665617,-1.8752430888,8.000000,7.687282,2.584963,2.597843,2.585628,2.584964,2.584963,2.584963,2.584963,0.166667,2.890568,4.074572,3.952033,3.742717,3.346888,3.081758,2.413618,0.354624,0.00e+00,0.0
h4_r2.64,h4,2.64,sto-3g,4,4,36,6,0.16666667,2.584962,27,-1.8635871274,-1.8699246047,8.000000,7.875551,2.584963,2.597049,2.585566,2.584964,2.584963,2.584963,2.584963,0.166667,2.962039,4.067118,3.945112,3.737866,3.361768,3.124706,2.580523,0.305985,0.00e+00,0.0
h4_r2.89,h4,2.89,sto-3g,4,4,36,6,0.16666667,2.584962,27,-1.8652732714,-1.8677807051,8.000000,7.951239,2.584963,2.596218,2.585505,2.584964,2.584963,2.584963,2.584963,0.166667,2.981031,4.051023,3.924730,3.713581,3.347277,3.127791,2.647345,0.277324,0.00e+00,0.0
h4_r3.15,h4,3.15,sto-3g,4,4,36,6,0.16666667,2.584962,27,-1.8659565808,-1.8668713802,8.000000,7.982531,2.584963,2.598840,2.585713,2.584965,2.584963,2.584963,2.584963,0.166667,2.980970,4.028827,3.894358,3.677031,3.320424,3.116508,2.671428,0.259164,0.00e+00,0.0
h4_r3.40,h4,3.40,sto-3g,4,4,36,6,0.16666667,2.584962,27,-1.8661980798,-1.8665304381,8.000000,7.993794,2.584963,2.595342,2.585447,2.584964,2.584963,2.584963,2.584963,0.166667,2.975984,4.002444,3.859343,3.636742,3.293000,3.103466,2.677662,0.248616,0.00e+00,0.0
h6_r0.60,h6,0.60,sto-3g,6,6,400,40,0.10000000,3.321928,118,-2.7959184291,-2.7964192303,0.721814,0.739594,0.229549,5.083045,4.635473,3.697575,1.552057,0.533560,0.065771,0.977395,0.235546,6.297343,5.625345,4.321090,1.675319,0.552467,0.067509,0.976803,0.00e+00,0.0
h6_r0.85,h6,0.85,sto-3g,6,6,400,56,0.14000000,2.836501,118,-3.2302555262,-3.2324052782,1.514546,1.613385,0.511001,5.263350,4.906134,4.159178,2.260972,1.019897,0.164543,0.944218,0.547030,6.572310,6.035833,4.973838,2.546992,1.104584,0.176590,0.940235,0.00e+00,0.0
h6_r1.11,h6,1.11,sto-3g,6,6,400,87,0.21750000,2.200913,118,-3.1881900213,-3.1962280059,2.712787,3.112192,0.969301,5.376967,5.087936,4.492488,2.925405,1.660677,0.353927,0.883253,1.127576,6.815400,6.395922,5.556161,3.498238,1.942885,0.416516,0.863847,0.00e+00,0.0
h6_r1.36,h6,1.36,sto-3g,6,6,400,109,0.27250000,1.875672,118,-3.0412794799,-3.0655442289,4.129460,5.235524,1.557566,5.408330,5.171752,4.703524,3.474483,2.337908,0.645318,0.796109,2.038697,7.008322,6.678986,6.035122,4.428945,3.010484,0.875748,0.732547,0.00e+00,0.0
h6_r1.62,h6,1.62,sto-3g,6,6,400,135,0.33750000,1.567041,118,-2.8847573109,-2.9449108401,5.542443,7.727519,2.189079,5.533153,5.338635,4.950793,3.940589,2.962455,1.028285,0.693018,3.241144,7.171455,6.927097,6.456076,5.287304,4.171721,1.654509,0.549819,0.00e+00,0.0
h6_r1.87,h6,1.87,sto-3g,6,6,400,145,0.36250000,1.463947,118,-2.7585901956,-2.8709563574,6.657695,9.684936,2.680932,5.568584,5.394707,5.053386,4.194889,3.372617,1.419430,0.598939,4.280103,7.257845,7.063454,6.700508,5.837549,5.020405,2.577909,0.385830,0.00e+00,0.0
h6_r2.13,h6,2.13,sto-3g,6,6,400,148,0.37000000,1.434403,118,-2.6574773745,-2.8308174248,7.772260,10.932393,3.055179,5.523129,5.333907,4.982623,4.210436,3.573080,1.920612,0.488031,4.974168,7.302338,7.131530,6.824208,6.136085,5.523455,3.465335,0.267275,0.00e+00,0.0
h6_r2.38,h6,2.38,sto-3g,6,6,400,144,0.36000000,1.473931,118,-2.5898959214,-2.8130161718,9.677485,11.534339,3.924542,5.646832,5.512186,5.260308,4.700117,4.258298,3.191227,0.230343,5.305084,7.306412,7.139698,6.856720,6.252598,5.742536,4.070946,0.199565,0.00e+00,0.0
h6_r2.64,h6,2.64,sto-3g,6,6,400,100,0.25000000,2.000000,118,-2.5550910788,-2.8049537515,10.969750,11.815280,4.192990,4.744360,4.655225,4.528826,4.332757,4.239381,4.125671,0.071699,5.445146,7.327464,7.162050,6.881137,6.294687,5.826581,4.421885,0.159544,0.00e+00,0.0
h6_r2.89,h6,2.89,sto-3g,6,6,400,20,0.05000000,4.321928,118,-2.5316581913,-2.8017019244,10.996871,11.927922,4.191021,4.723995,4.625714,4.492165,4.302767,4.224661,4.152244,0.066540,5.487570,7.329077,7.161220,6.879897,6.297552,5.845069,4.572786,0.137597,0.00e+00,0.0
h6_r3.15,h6,3.15,sto-3g,6,6,400,20,0.05000000,4.321928,118,-2.5134451352,-2.8003205332,11.009467,11.974301,4.187034,4.706004,4.598480,4.459343,4.277700,4.211945,4.164008,0.062869,5.494584,7.344504,7.168603,6.880447,6.289153,5.841104,4.630468,0.124340,0.00e+00,0.0
h6_r3.40,h6,3.40,sto-3g,6,6,400,20,0.05000000,4.321928,118,-2.5005333627,-2.7998014372,11.014690,11.990913,4.183508,4.689978,4.576702,4.433919,4.259737,4.202955,4.168419,0.060519,5.490801,7.345063,7.160857,6.868326,6.275836,5.831689,4.646740,0.116873,0.00e+00,0.0
h8_r0.60,h8,0.60,sto-3g,8,8,4900,127,0.02591837,5.269881,361,-3.6304189920,-3.6316294903,0.960856,1.006591,0.327239,6.654288,6.167977,5.133428,2.409921,0.811800,0.089595,0.969339,0.343739,9.532297,8.635994,6.838001,2.809313,0.868142,0.094364,0.967728,0.00e+00,0.3
h8_r0.91,h8,0.91,sto-3g,8,8,4900,365,0.07448980,3.746813,361,-4.3067183437,-4.3130815764,2.232576,2.552796,0.827554,6.874042,6.511807,5.741497,3.543230,1.694851,0.255576,0.914730,0.955889,10.009924,9.337418,7.970990,4.498891,1.999082,0.299567,0.900669,0.00e+00,0.3
h8_r1.22,h8,1.22,sto-3g,8,8,4900,917,0.18714286,2.417788,361,-4.1620709853,-4.1881446051,4.004061,5.321826,1.605515,6.992452,6.707549,6.121180,4.445757,2.739127,0.559734,0.822082,2.197293,10.361672,9.873879,8.880258,6.208675,3.734298,0.805599,0.752945,0.00e+00,0.3
h8_r1.53,h8,1.53,sto-3g,8,8,4900,1416,0.28897959,1.790960,361,-3.8954652302,-3.9772959648,5.847132,9.202403,2.523505,7.131871,6.911654,6.463531,5.177525,3.735121,0.984353,0.707965,4.225619,10.629770,10.293734,9.615570,7.788043,5.864669,1.875889,0.511909,0.00e+00,0.3
h8_r1.84,h8,1.84,sto-3g,8,8,4900,1671,0.34102041,1.552070,361,-3.6562070555,-3.8376619332,7.223623,12.665901,3.276519,7.200520,7.023502,6.660128,5.627408,4.426848,1.400315,0.611479,6.292279,10.803898,10.554396,10.077296,8.850974,7.561251,3.438158,0.287358,0.00e+00,0.4
h8_r2.16,h8,2.16,sto-3g,8,8,4900,1754,0.35795918,1.482133,361,-3.4673397540,-3.7707523523,8.088591,14.713209,3.769762,7.242715,7.081260,6.762740,5.873171,4.832635,1.722082,0.545788,7.594081,10.882830,10.675245,10.291999,9.365144,8.464215,5.009485,0.156126,0.00e+00,0.5
h8_r2.47,h8,2.47,sto-3g,8,8,4900,1693,0.34551020,1.533200,361,-3.3366902897,-3.7459733080,8.544544,15.549508,4.036047,7.256737,7.107422,6.811362,5.993898,5.039437,1.915987,0.509554,8.115356,10.906600,10.707520,10.353259,9.531936,8.787107,6.047776,0.098807,0.00e+00,0.5
h8_r2.78,h8,2.78,sto-3g,8,8,4900,1238,0.25265306,1.984770,361,-3.2461402638,-3.7370976177,8.763927,15.855192,4.175943,7.267022,7.120385,6.835780,6.057454,5.148518,2.016177,0.491879,8.279746,10.913724,10.711675,10.360481,9.564982,8.873598,6.564119,0.072869,0.00e+00,0.6
h8_r3.09,h8,3.09,sto-3g,8,8,4900,92,0.01877551,5.735004,361,-3.1848626449,-3.7340595119,8.835892,15.956927,4.243409,7.273808,7.125559,6.846851,6.091951,5.206518,2.049599,0.486411,8.313529,10.901436,10.702179,10.347590,9.553025,8.879111,6.751401,0.060465,0.00e+00,0.7
h8_r3.40,h8,3.40,sto-3g,8,8,4900,94,0.01918367,5.703977,361,-3.1439950269,-3.7330729706,8.823278,15.988092,4.270373,7.275951,7.123079,6.846393,6.107720,5.235840,2.042546,0.488112,8.311690,10.892840,10.685251,10.325218,9.531333,8.866026,6.801746,0.054251,0.00e+00,0.9
h10_r0.70,h10,0.70,sto-3g,10,10,63504,617,0.00971592,6.685434,876,-5.0199242562,-5.0238457282,1.609127,1.784625,0.596473,7.963737,7.516232,6.550759,3.719762,1.452371,0.162854,0.944940,0.665595,13.067138,12.064732,10.014393,4.879662,1.671483,0.183896,0.938009,0.00e+00,7.2
h10_r1.30,h10,1.30,sto-3g,10,10,63504,10075,0.15865142,2.656068,876,-5.1086154796,-5.1650295305,5.079970,7.858221,2.226395,8.280507,8.008664,7.451590,5.782552,3.792753,0.730322,0.775121,3.605097,13.977688,13.449885,12.361192,9.276037,5.990905,1.312092,0.629510,0.00e+00,7.5
h10_r1.90,h10,1.90,sto-3g,10,10,63504,21637,0.34071869,1.553347,876,-4.4814982588,-4.7757480488,8.009638,16.477806,3.929224,8.448844,8.264199,7.900695,6.838310,5.447382,1.493947,0.594073,9.042147,14.460705,14.192951,13.676432,12.299615,10.734899,4.843751,0.174789,0.00e+00,11.3
h10_r2.50,h10,2.50,sto-3g,10,10,63504,22500,0.35430839,1.496922,876,-4.0938513582,-4.6808913207,9.033715,19.496846,4.623612,8.486216,8.330084,8.025510,7.163249,6.014508,1.861193,0.522916,11.155709,14.569274,14.352588,13.963300,13.017800,12.079692,8.011669,0.050614,0.00e+00,18.0
h10_r3.10,h10,3.10,sto-3g,10,10,63504,374,0.00588939,7.407666,876,-3.9026250072,-4.6675187793,9.256049,19.948848,4.796782,8.463992,8.299625,8.000722,7.203516,6.140658,1.945480,0.507994,11.408149,14.570262,14.352564,13.967210,13.056869,12.199583,8.989416,0.028445,0.00e+00,32.3
h2_r0.50,h2,0.50,sto-3g,2,2,4,2,0.50000000,1.000000,4,-1.0551597945,-1.0551597945,0.186573,0.186573,0.046643,0.744957,0.634297,0.454830,0.193222,0.088095,0.014892,0.994839,0.046643,0.745010,0.634300,0.454830,0.193222,0.088095,0.014892,0.994839,0.00e+00,0.0
h2_r0.78,h2,0.78,sto-3g,2,2,4,2,0.50000000,1.000000,4,-1.1357266966,-1.1357266966,0.439936,0.439936,0.109984,0.807637,0.719944,0.568682,0.310284,0.176413,0.042142,0.985392,0.109984,0.807637,0.719944,0.568682,0.310284,0.176413,0.042142,0.985392,0.00e+00,0.0
h2_r1.06,h2,1.06,sto-3g,2,2,4,2,0.50000000,1.000000,4,-1.0881317157,-1.0881317157,0.917768,0.917768,0.229442,0.866845,0.802810,0.687778,0.463253,0.318268,0.107317,0.962771,0.229442,0.866845,0.802810,0.687778,0.463253,0.318268,0.107317,0.962771,0.00e+00,0.0
h2_r1.33,h2,1.33,sto-3g,2,2,4,2,0.50000000,1.000000,4,-1.0290456486,-1.0290456486,1.643886,1.643886,0.410971,0.917684,0.875540,0.798656,0.632537,0.504762,0.236858,0.917487,0.410971,0.917684,0.875540,0.798656,0.632537,0.504762,0.236858,0.917487,0.00e+00,0.0
h2_r1.61,h2,1.61,sto-3g,2,2,4,2,0.50000000,1.000000,4,-0.9821517671,-0.9821517671,2.537528,2.537528,0.634382,0.958212,0.934204,0.891824,0.793495,0.707427,0.451743,0.839970,0.634382,0.958212,0.934204,0.891824,0.793495,0.707427,0.451743,0.839970,0.00e+00,0.0
h2_r1.89,h2,1.89,sto-3g,2,2,4,2,0.50000000,1.000000,4,-0.9550006361,-0.9550006361,3.265250,3.265250,0.816313,0.982141,0.970118,0.950386,0.902799,0.857939,0.685433,0.746799,0.816313,0.982141,0.970118,0.950386,0.902799,0.857939,0.685433,0.746799,0.00e+00,0.0
h2_r2.17,h2,2.17,sto-3g,2,2,4,2,0.50000000,1.000000,4,-0.9420689586,-0.9420689586,3.684354,3.684354,0.921088,0.994999,0.987898,0.979636,0.959609,0.940054,0.852843,0.663848,0.921088,0.994999,0.987898,0.979636,0.959609,0.940054,0.852843,0.663848,0.00e+00,0.0
h2_r2.44,h2,2.44,sto-3g,2,2,4,2,0.50000000,1.000000,4,-0.9367267420,-0.9367267420,3.872316,3.872316,0.968079,1.000926,0.995371,0.991919,0.983890,0.975937,0.937983,0.604791,0.968079,1.000926,0.995371,0.991919,0.983890,0.975937,0.937983,0.604791,0.00e+00,0.0
h2_r2.72,h2,2.72,sto-3g,2,2,4,2,0.50000000,1.000000,4,-0.9344853325,-0.9344853325,3.953162,3.953162,0.988291,1.003496,0.998503,0.997060,0.994125,0.991202,0.976832,0.563617,0.988291,1.002169,0.998397,0.997060,0.994125,0.991202,0.976832,0.563617,0.00e+00,0.0
h2_r3.00,h2,3.00,sto-3g,2,2,4,2,0.50000000,1.000000,4,-0.9336318446,-0.9336318446,3.983803,3.983803,0.995951,1.005947,0.999816,0.998988,0.997973,0.996961,0.991932,0.537444,0.995951,1.005947,0.999816,0.998988,0.997973,0.996961,0.991932,0.537444,0.00e+00,0.0
lih_r1.00,lih,1.00,sto-3g,2,5,25,5,0.20000000,2.321928,25,-7.7840213204,-7.7840213204,0.548365,0.548365,0.171366,2.733794,2.416881,1.850788,0.820397,0.347103,0.052244,0.982006,0.171366,2.733421,2.416860,1.850788,0.820397,0.347103,0.052244,0.982006,0.00e+00,0.0
lih_r1.33,lih,1.33,sto-3g,2,5,25,7,0.28000000,1.836501,25,-7.8723771866,-7.8723771866,0.570037,0.570037,0.180542,2.813578,2.500025,1.917018,0.849047,0.362305,0.055574,0.980867,0.180542,2.813538,2.500023,1.917018,0.849047,0.362305,0.055574,0.980867,0.00e+00,0.0
lih_r1.67,lih,1.67,sto-3g,2,5,25,7,0.28000000,1.836501,25,-7.8803133398,-7.8803133398,0.776303,0.776303,0.251680,2.877890,2.589184,2.044388,0.996735,0.469644,0.083164,0.971463,0.251680,2.877444,2.589161,2.044388,0.996735,0.469644,0.083164,0.971463,0.00e+00,0.0
lih_r2.00,lih,2.00,sto-3g,2,5,25,5,0.20000000,2.321928,25,-7.8608282582,-7.8608282582,1.210817,1.210817,0.410240,2.951859,2.700310,2.222603,1.254098,0.687639,0.150554,0.948792,0.410240,2.951552,2.700296,2.222603,1.254098,0.687639,0.150554,0.948792,0.00e+00,0.0
lih_r2.33,lih,2.33,sto-3g,2,5,25,6,0.24000000,2.058894,25,-7.8354695959,-7.8354695959,1.940295,1.940295,0.703601,3.035550,2.827781,2.435825,1.609811,1.043562,0.293975,0.902004,0.703601,3.035696,2.827788,2.435825,1.609811,1.043562,0.293975,0.902004,0.00e+00,0.0
lih_r2.67,lih,2.67,sto-3g,2,5,25,7,0.28000000,1.836501,25,-7.8130506737,-7.8130506737,2.933941,2.933941,1.147929,3.116712,2.952751,2.649195,2.004495,1.507806,0.564214,0.818770,1.147929,3.116831,2.952757,2.649195,2.004495,1.507806,0.564214,0.818770,0.00e+00,0.0
lih_r3.00,lih,3.00,sto-3g,2,5,25,7,0.28000000,1.836501,25,-7.7985042226,-7.7985042226,3.795021,3.795021,1.556572,3.166362,3.030555,2.786644,2.281119,1.877706,0.902074,0.720854,1.556572,3.166346,3.030554,2.786644,2.281119,1.877706,0.902074,0.720854,0.00e+00,0.0
lih_r3.33,lih,3.33,sto-3g,2,5,25,8,0.32000000,1.643856,25,-7.7902988128,-7.7902988128,4.275256,4.275256,1.752500,3.175223,3.047806,2.824491,2.376119,2.027158,1.162368,0.640926,1.752500,3.175201,3.047804,2.824491,2.376119,2.027158,1.162368,0.640926,0.00e+00,0.0
lih_r3.67,lih,3.67,sto-3g,2,5,25,8,0.32000000,1.643856,25,-7.7859823707,-7.7859823707,4.413671,4.413671,1.719482,3.147939,3.010721,2.773041,2.307764,1.966564,1.253825,0.587777,1.719482,3.147931,3.010720,2.773041,2.307764,1.966564,1.253825,0.587777,0.00e+00,0.0
lih_r4.00,lih,4.00,sto-3g,2,5,25,7,0.28000000,1.836501,25,-7.7839310200,-7.7839310200,4.366572,4.366572,1.571555,3.097890,2.939862,2.667774,2.150349,1.799789,1.219463,0.556112,1.571555,3.097759,2.939854,2.667774,2.150349,1.799789,1.219463,0.556112,0.00e+00,0.0
bh_r0.80,bh,0.80,sto-3g,4,5,100,14,0.14000000,2.836501,55,-24.6233912102,-24.6246203687,1.997128,2.093062,0.609072,3.541872,3.260863,2.723730,1.607163,0.943240,0.256997,0.913435,0.639638,4.090005,3.726639,3.054766,1.728947,0.993522,0.272373,0.908401,0.00e+00,0.0
bh_r1.07,bh,1.07,sto-3g,4,5,100,15,0.15000000,2.736966,55,-24.7906434122,-24.7920556074,1.924220,2.027510,0.609920,3.604910,3.349323,2.849019,1.725871,0.990414,0.236052,0.920624,0.644136,4.140248,3.802857,3.170041,1.853031,1.047742,0.251080,0.915731,0.00e+00,0.0
bh_r1.33,bh,1.33,sto-3g,4,5,100,15,0.15000000,2.736966,55,-24.8049811598,-24.8070810904,1.993267,2.140929,0.666834,3.671285,3.447304,2.997938,1.910925,1.110683,0.239022,0.920043,0.717966,4.195656,3.891476,3.317510,2.061036,1.192424,0.259500,0.913461,0.00e+00,0.0
bh_r1.60,bh,1.60,sto-3g,4,5,100,15,0.15000000,2.736966,55,-24.7730672824,-24.7765403861,2.245248,2.482264,0.770125,3.705668,3.502142,3.091049,2.066660,1.254729,0.277130,0.907965,0.853147,4.245762,3.946902,3.421313,2.255070,1.377530,0.310859,0.897313,0.00e+00,0.0
bh_r1.87,bh,1.87,sto-3g,4,5,100,16,0.16000000,2.643856,55,-24.7307096752,-24.7364313880,2.706125,3.079667,0.875746,3.699638,3.494032,3.082109,2.087141,1.328972,0.366244,0.878786,1.002076,4.266097,3.995488,3.484996,2.345707,1.506711,0.425136,0.860495,0.00e+00,0.0
bh_r2.13,bh,2.13,sto-3g,4,5,100,17,0.17000000,2.556393,55,-24.6945622630,-24.7033942047,3.281957,3.814863,0.996160,3.687668,3.474083,3.050721,2.073539,1.388855,0.511444,0.829817,1.174215,4.312154,4.052709,3.551779,2.422169,1.631486,0.608887,0.799896,0.00e+00,0.0
bh_r2.40,bh,2.40,sto-3g,4,5,100,18,0.18000000,2.473931,55,-24.6673302724,-24.6800803963,3.845216,4.521223,1.153627,3.622089,3.387724,2.949969,2.048068,1.477014,0.711873,0.759791,1.385767,4.306304,4.041131,3.544000,2.479774,1.783074,0.855393,0.715916,0.00e+00,0.0
bh_r2.67,bh,2.67,sto-3g,4,5,100,15,0.15000000,2.736966,55,-24.6503786732,-24.6669777461,4.234530,4.997142,1.303735,3.554614,3.300359,2.853305,2.037228,1.569040,0.915258,0.683860,1.573028,4.276135,3.992975,3.496184,2.517192,1.917163,1.090051,0.629755,0.00e+00,0.0
bh_r2.93,bh,2.93,sto-3g,4,5,100,12,0.12000000,3.058894,55,-24.6410400243,-24.6606707422,4.432765,5.240036,1.408513,3.510034,3.240990,2.783707,2.029549,1.633494,1.068818,0.619426,1.695711,4.213966,3.927228,3.432970,2.531868,2.003672,1.252448,0.561068,0.00e+00,0.0
bh_r3.20,bh,3.20,sto-3g,4,5,100,19,0.19000000,2.395929,55,-24.6301643345,-24.6575335431,5.597613,6.123872,2.145840,3.687960,3.443278,3.087168,2.528183,2.265635,2.017818,0.288369,2.559043,4.614228,4.304246,3.888651,3.207226,2.796399,2.236029,0.267395,0.00e+00,0.1
hf_r0.70,hf,0.70,sto-3g,8,5,25,5,0.20000000,2.321928,25,-98.4376238682,-98.4376238682,0.199105,0.199105,0.057443,2.605596,2.197785,1.483440,0.449454,0.140726,0.014926,0.994836,0.057443,2.605600,2.197788,1.483440,0.449454,0.140726,0.014926,0.994836,0.00e+00,0.0
hf_r0.93,hf,0.93,sto-3g,8,5,25,5,0.20000000,2.321928,25,-98.5987916421,-98.5987916421,0.493836,0.493836,0.138473,2.695641,2.329097,1.676022,0.644390,0.266843,0.046407,0.983961,0.138473,2.696075,2.329129,1.676022,0.644390,0.266843,0.046407,0.983961,0.00e+00,0.0
hf_r1.17,hf,1.17,sto-3g,8,5,25,5,0.20000000,2.321928,25,-98.5838071639,-98.5838071639,1.075493,1.075493,0.291353,2.791755,2.459555,1.855805,0.855641,0.452260,0.129407,0.955251,0.291353,2.791605,2.459547,1.855805,0.855641,0.452260,0.129407,0.955251,0.00e+00,0.0
hf_r1.40,hf,1.40,sto-3g,8,5,25,7,0.28000000,1.836501,25,-98.5379860269,-98.5379860269,1.878185,1.878185,0.497128,2.825788,2.511258,1.945071,1.026686,0.656739,0.284138,0.901188,0.497128,2.825260,2.511214,1.945071,1.026686,0.656739,0.284138,0.901188,0.00e+00,0.0
hf_r1.63,hf,1.63,sto-3g,8,5,25,6,0.24000000,2.058894,25,-98.4988677214,-98.4988677214,2.728894,2.728894,0.712417,2.825143,2.515106,1.971181,1.145334,0.840942,0.506114,0.820393,0.712417,2.827438,2.515308,1.971182,1.145334,0.840942,0.506114,0.820393,0.00e+00,0.0
hf_r1.87,hf,1.87,sto-3g,8,5,25,3,0.12000000,3.058894,25,-98.4737077107,-98.4737077107,3.395967,3.395967,0.880091,2.799530,2.483278,1.948574,1.206527,0.969092,0.736233,0.725895,0.880091,2.800721,2.483383,1.948575,1.206527,0.969092,0.736233,0.725895,0.00e+00,0.0
hf_r2.10,hf,2.10,sto-3g,8,5,25,3,0.12000000,3.058894,25,-98.4618664093,-98.4618664093,3.743644,3.743644,0.967497,2.764286,2.434346,1.901313,1.222390,1.030458,0.883411,0.648863,0.967497,2.764607,2.434363,1.901313,1.222390,1.030458,0.883411,0.648863,0.00e+00,0.0
hf_r2.33,hf,2.33,sto-3g,8,5,25,3,0.12000000,3.058894,25,-98.4566522091,-98.4566522091,3.899810,3.899810,1.007357,2.724800,2.379977,1.847866,1.219936,1.056670,0.957771,0.593571,1.007357,2.720971,2.379446,1.847860,1.219936,1.056670,0.957771,0.593571,0.00e+00,0.0
hf_r2.57,hf,2.57,sto-3g,8,5,25,3,0.12000000,3.058894,25,-98.4544290341,-98.4544290341,3.964724,3.964724,1.024627,2.675239,2.323002,1.795180,1.212067,1.067346,0.990843,0.555727,1.024627,2.675872,2.323098,1.795181,1.212067,1.067346,0.990843,0.555727,0.00e+00,0.0
hf_r2.80,hf,2.80,sto-3g,8,5,25,1,0.04000000,4.643856,25,-98.4535945644,-98.4535945644,4.007285,4.007285,1.022476,2.580424,2.209975,1.690010,1.170658,1.053320,1.006023,0.498956,1.022476,2.581010,2.210056,1.690011,1.170658,1.053320,1.006023,0.498956,0.00e+00,0.1
li2_r2.00,li2,2.00,sto-3g,2,8,64,5,0.07812500,3.678072,64,-14.6452422609,-14.6452422609,2.674624,2.674624,0.781123,3.052507,2.768670,2.312851,1.514155,1.054351,0.389175,0.870403,0.781123,3.032142,2.767019,2.312843,1.514155,1.054351,0.389175,0.870403,0.00e+00,0.0
li2_r2.50,li2,2.50,sto-3g,2,8,64,7,0.10937500,3.192645,64,-14.6657963082,-14.6657963082,2.172695,2.172695,0.664912,3.031586,2.788034,2.379235,1.545750,0.987957,0.282752,0.905389,0.664912,3.034649,2.788256,2.379236,1.545750,0.987957,0.282752,0.905389,0.00e+00,0.0
li2_r3.00,li2,3.00,sto-3g,2,8,64,8,0.12500000,3.000000,64,-14.6632818105,-14.6632818105,2.131790,2.131790,0.687694,3.144895,2.924053,2.522361,1.656116,1.046853,0.279074,0.906803,0.687694,3.145320,2.924075,2.522362,1.656116,1.046853,0.279074,0.906803,0.00e+00,0.0
li2_r3.50,li2,3.50,sto-3g,2,8,64,8,0.12500000,3.000000,64,-14.6534555425,-14.6534555425,2.516534,2.516534,0.827291,3.179807,2.973542,2.599061,1.782489,1.191060,0.375655,0.874919,0.827291,3.179181,2.973505,2.599061,1.782489,1.191060,0.375655,0.874919,0.00e+00,0.0
li2_r4.00,li2,4.00,sto-3g,2,8,64,8,0.12500000,3.000000,64,-14.6440161530,-14.6440161530,3.153901,3.153901,1.015002,3.167813,2.964307,2.603095,1.854677,1.335412,0.569775,0.808758,1.015002,3.167863,2.964315,2.603095,1.854677,1.335412,0.569775,0.808758,0.00e+00,0.0
li2_r4.50,li2,4.50,sto-3g,2,8,64,7,0.10937500,3.192645,64,-14.6376377738,-14.6376377738,3.703152,3.703152,1.142109,3.067194,2.854270,2.505427,1.827848,1.393908,0.787214,0.725517,1.142109,3.065560,2.854149,2.505426,1.827848,1.393908,0.787214,0.725517,0.00e+00,0.0
li2_r5.00,li2,5.00,sto-3g,2,8,64,6,0.09375000,3.415037,64,-14.6341240402,-14.6341240402,3.991971,3.991971,1.172117,3.077948,2.840242,2.438015,1.737142,1.363141,0.933779,0.650278,1.172117,3.079368,2.840344,2.438015,1.737142,1.363141,0.933779,0.650278,0.00e+00,0.0
li2_r5.50,li2,5.50,sto-3g,2,8,64,5,0.07812500,3.678072,64,-14.6324111484,-14.6324111484,4.085142,4.085142,1.145382,3.029373,2.764859,2.326909,1.617250,1.290564,0.996749,0.594483,1.145382,3.027805,2.764721,2.326908,1.617250,1.290564,0.996749,0.594483,0.00e+00,0.0
li2_r6.00,li2,6.00,sto-3g,2,8,64,4,0.06250000,4.000000,64,-14.6316347620,-14.6316347620,4.090712,4.090712,1.105015,3.003975,2.718405,2.242153,1.506889,1.215856,1.013558,0.557082,1.105015,3.003096,2.718326,2.242152,1.506889,1.215856,1.013558,0.557082,0.00e+00,0.0
f2_r1.00,f2,1.00,sto-3g,14,8,64,8,0.12500000,3.000000,64,-195.6610105082,-195.6610105082,0.297370,0.297370,0.085816,2.857972,2.466464,1.766184,0.604804,0.202098,0.023151,0.991998,0.085816,2.856479,2.466335,1.766183,0.604804,0.202098,0.023151,0.991998,0.00e+00,0.0
f2_r1.27,f2,1.27,sto-3g,14,8,64,8,0.12500000,3.000000,64,-196.0323905593,-196.0323905593,0.925602,0.925602,0.256849,2.960752,2.623188,2.011168,0.913132,0.439068,0.100714,0.965261,0.256849,2.962309,2.623315,2.011169,0.913132,0.439068,0.100714,0.965261,0.00e+00,0.0
f2_r1.55,f2,1.55,sto-3g,14,8,64,8,0.12500000,3.000000,64,-196.0344801693,-196.0344801693,2.156157,2.156157,0.569184,2.967544,2.635880,2.069947,1.134420,0.741097,0.338866,0.882000,0.569184,2.966510,2.635771,2.069946,1.134420,0.741097,0.338866,0.882000,0.00e+00,0.0
f2_r1.83,f2,1.83,sto-3g,14,8,64,7,0.10937500,3.192645,64,-195.9969838551,-195.9969838551,3.331705,3.331705,0.857507,2.956723,2.617500,2.064622,1.247331,0.964940,0.692876,0.745481,0.857507,2.957989,2.617649,2.064623,1.247331,0.964940,0.692876,0.745481,0.00e+00,0.0
f2_r2.10,f2,2.10,sto-3g,14,8,64,7,0.10937500,3.192645,64,-195.9796293700,-195.9796293700,3.912186,3.912186,1.006649,3.029237,2.660236,2.127560,1.354130,1.093070,0.919558,0.627626,1.006649,3.034111,2.661491,2.127605,1.354130,1.093070,0.919558,0.627626,0.00e+00,0.0
f2_r2.38,f2,2.38,sto-3g,14,8,64,2,0.03125000,5.000000,64,-195.9741025375,-195.9741025375,4.478739,4.478739,1.221706,3.050033,2.750072,2.323309,1.670056,1.366197,1.069814,0.540446,1.221706,3.063594,2.752069,2.323341,1.670056,1.366197,1.069814,0.540446,0.00e+00,0.0
f2_r2.65,f2,2.65,sto-3g,14,8,64,3,0.04687500,4.415037,64,-195.9734291842,-195.9734291842,6.798403,7.572943,2.289454,3.481548,3.220753,2.915347,2.552929,2.386846,2.144150,0.247217,2.982844,3.592744,3.387330,3.181625,3.020182,2.991513,2.964038,0.144918,0.00e+00,0.0
f2_r2.93,f2,2.93,sto-3g,14,8,64,3,0.04687500,4.415037,64,-195.9732613786,-195.9732613786,6.774938,7.561297,2.266901,3.484217,3.194886,2.881727,2.525111,2.361893,2.130432,0.242124,2.971884,3.595517,3.368520,3.159989,3.008923,2.982067,2.943489,0.150356,0.00e+00,0.0
f2_r3.20,f2,3.20,sto-3g,14,8,64,3,0.04687500,4.415037,64,-195.9731697251,-195.9731697251,6.782384,7.568222,2.273605,3.492488,3.188188,2.871866,2.527570,2.368157,2.135305,0.240572,2.977835,3.615074,3.362103,3.147381,3.007891,2.985786,2.955355,0.149895,0.00e+00,0.0
n2_r0.80,n2,0.80,sto-3g,10,8,3136,83,0.02646684,5.239670,316,-106.7629450528,-106.7659346606,0.984735,1.081565,0.325278,5.636475,5.196478,4.286782,2.042609,0.758922,0.088345,0.969804,0.359060,7.917186,7.122256,5.650107,2.460757,0.855413,0.097409,0.966756,0.00e+00,0.1
n2_r1.07,n2,1.07,sto-3g,10,8,3136,122,0.03890306,4.683973,316,-107.6225207711,-107.6334082792,1.776349,2.130297,0.607358,5.731063,5.354104,4.584714,2.610992,1.217618,0.187686,0.936794,0.734803,8.112299,7.455642,6.206223,3.337987,1.494934,0.227782,0.923792,0.00e+00,0.1
n2_r1.33,n2,1.33,sto-3g,10,8,3136,166,0.05293367,4.239671,316,-107.6181710992,-107.6494875477,2.847352,3.837540,0.993951,5.833982,5.504615,4.840871,3.107843,1.728125,0.357797,0.882305,1.357554,8.290970,7.735613,6.683417,4.199267,2.338067,0.500201,0.839108,0.00e+00,0.1
n2_r1.60,n2,1.60,sto-3g,10,8,3136,143,0.04559949,4.454839,316,-107.4694293472,-107.5419618354,4.698284,6.704236,1.610634,5.690481,5.331648,4.692596,3.303956,2.262494,0.773956,0.757987,2.332266,8.242986,7.651325,6.656728,4.616226,3.196734,1.191772,0.649003,0.00e+00,0.1
n2_r1.87,n2,1.87,sto-3g,10,8,3136,241,0.07684949,3.701821,316,-107.3365853005,-107.4704991752,8.296983,9.868836,2.747836,5.208536,4.886023,4.335329,3.344005,2.908731,2.635490,0.163766,4.209016,8.526031,8.096906,7.365021,5.920747,4.925575,2.732154,0.352423,0.00e+00,0.2
n2_r2.13,n2,2.13,sto-3g,10,8,3136,164,0.05229592,4.257158,316,-107.2717363765,-107.4472494987,8.539240,11.361817,2.864397,5.165001,4.822136,4.294155,3.433175,3.040437,2.693168,0.160479,4.689470,8.414261,7.921061,7.145452,5.841936,5.129989,3.793723,0.178841,0.00e+00,0.2
n2_r2.40,n2,2.40,sto-3g,10,8,3136,106,0.03380102,4.886789,316,-107.2093868679,-107.4412958271,8.994197,11.836079,3.090297,5.111205,4.777400,4.303832,3.612772,3.277478,2.829624,0.152811,4.854440,8.228088,7.674443,6.832924,5.634587,5.126949,4.298463,0.111178,0.00e+00,0.2
n2_r2.67,n2,2.67,sto-3g,10,8,3136,95,0.03029337,5.044854,316,-107.1614345867,-107.4394387166,9.695886,11.965687,3.451624,5.143236,4.845407,4.439284,3.888150,3.621290,3.119457,0.136895,4.939460,8.126315,7.545021,6.688699,5.578739,5.157305,4.501598,0.084907,0.00e+00,0.2
n2_r2.93,n2,2.93,sto-3g,10,8,3136,91,0.02901786,5.106915,316,-107.1300102728,-107.4386221795,10.390849,11.999012,3.833555,5.241650,4.952959,4.600707,4.152442,3.954339,3.547017,0.113437,5.002120,8.144223,7.507835,6.651640,5.609281,5.213948,4.583603,0.073491,0.00e+00,0.2
n2_r3.20,n2,3.20,sto-3g,10,8,3136,20,0.00637755,7.292782,316,-107.1096552970,-107.4382426773,10.807119,12.006126,4.045908,5.140141,4.819533,4.486768,4.178145,4.090664,3.916691,0.090029,4.931353,7.947003,7.235480,6.318505,5.372351,5.084421,4.580130,0.067727,0.00e+00,0.2
co_r0.90,co,0.90,sto-3g,10,8,3136,123,0.03922194,4.672195,316,-111.0185951859,-111.0234903034,1.194457,1.360266,0.411905,6.124152,5.628283,4.668063,2.363561,0.935662,0.113572,0.961343,0.470739,8.784195,7.991648,6.459034,3.009500,1.098260,0.130063,0.955849,0.00e+00,0.1
co_r1.16,co,1.16,sto-3g,10,8,3136,269,0.08577806,3.543248,316,-111.3564443558,-111.3703426270,1.895029,2.363473,0.722067,6.372306,5.998182,5.223456,3.137911,1.490752,0.211089,0.929285,0.900990,9.179952,8.555749,7.313147,4.192853,1.899360,0.265430,0.911862,0.00e+00,0.1
co_r1.43,co,1.43,sto-3g,10,8,3136,350,0.11160714,3.163499,316,-111.2723564049,-111.3050588609,2.839782,3.956960,1.200373,6.460718,6.123861,5.454469,3.679793,2.120705,0.396201,0.871209,1.664621,9.328664,8.787719,7.735976,5.124348,2.935278,0.562576,0.821933,0.00e+00,0.1
co_r1.69,co,1.69,sto-3g,10,8,3136,384,0.12244898,3.029747,316,-111.1346470770,-111.1898290609,4.898927,6.941687,2.405613,6.479777,6.186508,5.630033,4.336056,3.234872,1.120426,0.673240,3.405612,9.399095,8.913131,7.999296,5.987217,4.463269,1.714555,0.543130,0.00e+00,0.2
co_r1.95,co,1.95,sto-3g,10,8,3136,288,0.09183673,3.444785,316,-111.0518233537,-111.1015123507,8.873224,10.607034,3.973724,6.661997,6.182067,5.514686,4.600852,4.188296,3.558572,0.195347,4.880827,9.600714,8.910968,7.851935,6.169451,5.315502,4.285015,0.108812,0.00e+00,0.2
co_r2.21,co,2.21,sto-3g,10,8,3136,242,0.07716837,3.695847,316,-111.0167003328,-111.0543943028,10.209720,11.580723,4.224676,6.388321,6.069891,5.560084,4.797247,4.436044,3.792030,0.116191,5.076102,9.262654,8.718396,7.774365,6.187163,5.449790,4.458820,0.079532,0.00e+00,0.3
co_r2.48,co,2.48,sto-3g,10,8,3136,105,0.03348214,4.900464,316,-111.0057086996,-111.0345456653,10.451112,11.587834,3.664505,6.088436,5.644955,4.979585,4.152429,3.838200,3.278794,0.149688,4.553259,8.900663,8.217709,7.109365,5.517849,4.877272,3.981892,0.109753,0.00e+00,0.5
co_r2.74,co,2.74,sto-3g,10,8,3136,158,0.05038265,4.310929,316,-110.7560900650,-111.0274186276,6.719423,11.718568,2.550823,5.775598,5.354253,4.768304,3.777460,3.086191,1.498862,0.575512,5.090830,8.726682,8.191004,7.428179,6.267539,5.602832,3.645410,0.245675,0.00e+00,1.1
co_r3.00,co,3.00,sto-3g,10,8,3136,27,0.00860969,6.859823,316,-111.0029700621,-111.0247007708,10.490167,11.271513,3.443217,5.848362,5.355271,4.691467,3.949050,3.631511,3.076541,0.162263,4.070451,8.533643,7.712891,6.471276,4.951668,4.377302,3.511372,0.164973,0.00e+00,2.3
c2_r1.00,c2,1.00,sto-3g,8,8,4900,309,0.06306122,3.987103,361,-74.4564356895,-74.4958638989,4.160558,5.430153,1.412466,5.944872,5.631868,5.015472,3.405099,2.115555,0.741695,0.753369,1.924984,9.111565,8.552923,7.480503,4.891447,2.940504,1.057478,0.649460,0.00e+00,0.2
c2_r1.27,c2,1.27,sto-3g,8,8,4900,289,0.05897959,4.083640,361,-74.6359260359,-74.6902005313,4.001702,6.320282,1.439932,5.747857,5.386804,4.746547,3.316378,2.171590,0.605227,0.806975,2.349642,9.011634,8.433978,7.392451,5.084191,3.380566,1.122825,0.663638,0.00e+00,0.3
c2_r1.55,c2,1.55,sto-3g,8,8,4900,303,0.06183673,4.015392,361,-74.5497399819,-74.6259593347,3.154058,7.588174,1.030073,5.242460,4.930608,4.376904,2.914648,1.709970,0.395947,0.869662,2.679994,9.262387,8.721626,7.722945,5.408220,3.671816,1.665878,0.395630,0.00e+00,0.3
c2_r1.83,c2,1.83,sto-3g,8,8,4900,369,0.07530612,3.731089,361,-74.4946186801,-74.5455986805,3.814606,8.902229,1.205127,5.226158,4.904927,4.355661,2.960491,1.842059,0.556353,0.816996,3.414516,9.428742,8.962060,8.111018,6.093997,4.464264,2.119367,0.334781,0.00e+00,0.4
c2_r2.10,c2,2.10,sto-3g,8,8,4900,213,0.04346939,4.523856,361,-74.4296646905,-74.4849282971,4.816797,8.483473,1.482942,5.173487,4.855605,4.296982,2.986098,2.029064,0.840487,0.724616,2.912659,8.468219,7.961610,7.123201,5.180323,3.736732,1.952706,0.353564,0.00e+00,0.6
c2_r2.38,c2,2.38,sto-3g,8,8,4900,377,0.07693878,3.700145,361,-74.3775334240,-74.4559759619,6.396021,11.289811,2.108383,5.187168,4.874763,4.358623,3.269750,2.543183,1.466489,0.537024,4.928870,9.153295,8.750234,8.073982,6.563633,5.503207,4.303087,0.073427,0.00e+00,0.8
c2_r2.65,c2,2.65,sto-3g,8,8,4900,293,0.05979592,4.063809,361,-74.3827313144,-74.4450378456,8.032082,11.412047,2.614094,3.496130,3.191791,2.987183,2.733776,2.645070,2.593504,0.166173,4.838216,9.050408,8.594624,7.846792,6.297907,5.326528,4.293485,0.078406,0.00e+00,1.2
c2_r2.93,c2,2.93,sto-3g,8,8,4900,249,0.05081633,4.298564,361,-74.3914940152,-74.4406093888,8.020128,11.531611,2.603360,3.504631,3.157835,2.941578,2.700257,2.626334,2.589964,0.166378,4.895637,8.942362,8.428938,7.641069,6.164988,5.310328,4.464874,0.066758,0.00e+00,1.9
c2_r3.20,c2,3.20,sto-3g,8,8,4900,234,0.04775510,4.388201,361,-74.3947333047,-74.4388320707,8.013326,11.549733,2.597206,3.462984,3.123482,2.905396,2.676931,2.614676,2.588091,0.166486,4.866782,8.904309,8.345908,7.529242,6.078977,5.263480,4.449570,0.064145,0.00e+00,3.2
lif_r1.20,lif,1.20,sto-3g,8,8,4900,105,0.02142857,5.544321,361,-105.3827651137,-105.3891303534,1.154320,1.439655,0.483543,6.497318,6.037164,5.093308,2.696169,1.100709,0.129612,0.956031,0.587466,9.265129,8.374053,6.739272,3.338266,1.336030,0.159513,0.946154,0.00e+00,0.3
lif_r1.55,lif,1.55,sto-3g,8,8,4900,145,0.02959184,5.078657,361,-105.4234628394,-105.4353777460,1.636938,2.225844,0.694743,6.570333,6.143618,5.271194,3.038007,1.418465,0.205470,0.931127,0.915172,9.384753,8.555086,7.049242,3.905209,1.843044,0.275468,0.908725,0.00e+00,0.3
lif_r1.90,lif,1.90,sto-3g,8,8,4900,179,0.03653061,4.774750,361,-105.3781474961,-105.3946702746,2.250260,3.177915,1.020080,6.616300,6.215863,5.433495,3.470035,1.883041,0.322029,0.894114,1.416435,9.442586,8.655558,7.265219,4.507640,2.536402,0.455919,0.853437,0.00e+00,0.4
lif_r2.25,lif,2.25,sto-3g,8,8,4900,208,0.04244898,4.558126,361,-105.3378228698,-105.3512042412,3.311600,4.233044,1.558791,6.682503,6.326140,5.638428,3.920449,2.464243,0.604620,0.809144,2.067263,9.483760,8.736161,7.466063,5.096760,3.295204,0.745132,0.771206,0.00e+00,0.5
lif_r2.60,lif,2.60,sto-3g,8,8,4900,62,0.01265306,6.304370,361,-105.3188975945,-105.3239944214,4.167959,4.685700,1.890148,5.931258,5.448581,4.653965,3.161822,2.343200,1.115924,0.666157,2.137818,8.498067,7.557184,6.130174,4.004785,2.842278,1.104064,0.673049,0.00e+00,0.6
lif_r2.95,lif,2.95,sto-3g,8,8,4900,44,0.00897959,6.799135,361,-105.3104316412,-105.3118768986,4.523919,4.710380,2.037204,5.738995,5.183822,4.273130,2.874817,2.325281,1.413679,0.583944,2.123922,8.217094,7.155822,5.566399,3.436589,2.559457,1.393548,0.590923,0.00e+00,0.6
lif_r3.30,lif,3.30,sto-3g,8,8,4900,8,0.00163265,9.258569,361,-105.3061494269,-105.3065934357,4.607230,4.663155,1.989135,5.889986,5.185557,4.044096,2.671324,2.232583,1.471654,0.548010,2.014977,8.468510,7.273039,5.384035,3.052631,2.330382,1.465045,0.550523,0.00e+00,0.6
lif_r3.65,lif,3.65,sto-3g,8,8,4900,8,0.00163265,9.258569,361,-105.3039999761,-105.3041626127,4.516066,4.532844,1.810548,5.615411,4.841292,3.692560,2.456750,2.045140,1.389449,0.529325,1.817659,8.000876,6.656332,4.680427,2.640289,2.080055,1.387572,0.530172,0.00e+00,0.6
lif_r4.00,lif,4.00,sto-3g,8,8,4900,7,0.00142857,9.451213,361,-105.3029506786,-105.3030212543,4.372683,4.378103,1.612899,5.591618,4.781457,3.541790,2.248201,1.836787,1.278498,0.516957,1.615047,7.907462,6.492692,4.417548,2.365025,1.852067,1.277857,0.517253,0.00e+00,0.6
beo_r1.00,beo,1.00,sto-3g,8,8,4900,180,0.03673469,4.766713,361,-88.0782725147,-88.0827536084,1.344672,1.531240,0.522922,6.628117,6.227536,5.376144,2.999506,1.225263,0.137240,0.953507,0.595618,9.603499,8.840443,7.341171,3.752692,1.431154,0.156086,0.947291,0.00e+00,0.3
beo_r1.25,beo,1.25,sto-3g,8,8,4900,366,0.07469388,3.742866,361,-88.3043493528,-88.3193919074,2.657689,3.624461,1.124053,6.699400,6.339987,5.609813,3.656884,2.012962,0.385254,0.874216,1.581803,9.875290,9.236689,7.978044,4.937115,2.709428,0.597053,0.810846,0.00e+00,0.3
beo_r1.50,beo,1.50,sto-3g,8,8,4900,376,0.07673469,3.703977,361,-88.2861498311,-88.3142560066,3.106517,4.390498,1.333703,6.625366,6.257064,5.555384,3.823102,2.291945,0.447509,0.855774,1.894981,9.798373,9.163783,7.972401,5.288703,3.171375,0.675234,0.790091,0.00e+00,0.4
beo_r1.75,beo,1.75,sto-3g,8,8,4900,424,0.08653061,3.530646,361,-88.2266858824,-88.2674296008,5.393845,7.380792,2.687988,6.811735,6.532813,6.019189,4.787672,3.634212,1.199431,0.655921,3.428629,10.069892,9.479994,8.377127,6.009816,4.366721,2.298189,0.308439,0.00e+00,0.4
beo_r2.00,beo,2.00,sto-3g,8,8,4900,283,0.05775510,4.113908,361,-88.1925533550,-88.2334485774,7.123544,7.753811,3.501167,6.649791,6.261794,5.601801,4.460450,3.849472,2.935690,0.184612,3.618498,9.964607,9.328782,8.168986,5.898966,4.470979,2.430707,0.294749,0.00e+00,0.4
beo_r2.25,beo,2.25,sto-3g,8,8,4900,136,0.02775510,5.171103,361,-88.1708325136,-88.2136799165,7.150183,7.678685,3.541691,6.570397,6.153577,5.467054,4.380182,3.848511,2.975918,0.209896,3.409866,9.696043,8.948976,7.627090,5.331714,4.101521,2.460489,0.279268,0.00e+00,0.5
beo_r2.50,beo,2.50,sto-3g,8,8,4900,66,0.01346939,6.214172,361,-88.1603984450,-88.2095803693,6.775689,9.856710,3.252412,6.424509,5.958525,5.194815,4.034625,3.517637,2.849275,0.209624,3.698868,9.065858,8.184449,6.763771,4.806463,4.052446,3.264135,0.142336,0.00e+00,0.5
beo_r2.75,beo,2.75,sto-3g,8,8,4900,47,0.00959184,6.703977,361,-88.1571283546,-88.2093016922,5.451033,9.880116,2.171878,5.751012,5.051670,4.024422,2.735621,2.319801,2.056997,0.250507,3.665947,8.523781,7.634708,6.293137,4.560585,3.948319,3.317645,0.114986,0.00e+00,0.5
beo_r3.00,beo,3.00,sto-3g,8,8,4900,40,0.00816327,6.936637,361,-88.1567071315,-88.2087447389,7.976748,9.835348,2.992432,5.417423,4.696686,3.740173,3.077673,3.006231,2.975739,0.148316,3.614529,8.853465,7.857559,6.274054,4.407604,3.861243,3.287046,0.132344,0.00e+00,0.5
bn_r1.00,bn,1.00,sto-3g,8,8,4900,366,0.07469388,3.742866,361,-77.8330257659,-77.8699084184,4.406123,5.759169,2.135115,6.485993,6.065893,5.317254,3.791065,2.754802,1.274758,0.616806,2.859136,9.740272,9.082644,7.865941,5.283820,3.658236,1.988305,0.428350,0.00e+00,0.3
bn_r1.25,bn,1.25,sto-3g,8,8,4900,618,0.12612245,2.987103,361,-78.0328495525,-78.0739878391,3.635744,5.437524,1.519514,6.704642,6.346896,5.648797,3.895048,2.423119,0.584914,0.814601,2.364727,10.046588,9.502330,8.419568,5.727597,3.591735,1.053578,0.686044,0.00e+00,0.3
bn_r1.50,bn,1.50,sto-3g,8,8,4900,598,0.12204082,3.034564,361,-77.9778114345,-78.0394611770,4.342503,7.601850,1.918069,6.725516,6.396565,5.775725,4.269409,2.904102,0.740260,0.771890,3.334536,10.249065,9.729058,8.709691,6.284515,4.428339,2.082713,0.339070,0.00e+00,0.3
bn_r1.75,bn,1.75,sto-3g,8,8,4900,410,0.08367347,3.579086,361,-77.8753480170,-77.9866683993,5.429935,7.311079,2.680247,6.812140,6.534366,6.020935,4.800461,3.647290,1.160483,0.665780,2.881491,9.852120,9.275515,8.172898,5.659224,3.869519,1.809321,0.375666,0.00e+00,0.4
bn_r2.00,bn,2.00,sto-3g,8,8,4900,409,0.08346939,3.582609,361,-77.8244036280,-77.9583942207,6.696969,8.442273,2.364388,5.999429,5.459857,4.519213,3.088378,2.579826,2.010166,0.334145,3.563471,9.872918,9.306070,8.252085,5.973178,4.439141,2.392423,0.300455,0.00e+00,0.4
bn_r2.25,bn,2.25,sto-3g,8,8,4900,377,0.07693878,3.700145,361,-77.7887618154,-77.9330146100,10.242995,9.586871,4.399785,5.765559,5.417033,4.997075,4.592048,4.466639,4.225931,0.077322,4.288114,9.805356,9.230033,8.192936,6.159183,4.952189,3.324430,0.188622,0.00e+00,0.4
bn_r2.50,bn,2.50,sto-3g,8,8,4900,140,0.02857143,5.129283,361,-77.8440494915,-77.9187618331,8.387475,9.053012,2.921541,5.252880,4.826664,4.228364,3.418953,3.081949,2.736874,0.157943,3.228342,8.979107,8.314785,7.153922,4.971246,3.810950,2.454916,0.281373,0.00e+00,0.4
bn_r2.75,bn,2.75,sto-3g,8,8,4900,96,0.01959184,5.673603,361,-77.8575411513,-77.9127030688,8.149038,9.272381,2.718201,5.053061,4.576945,3.915148,3.107812,2.826504,2.630664,0.164035,3.205217,8.787180,8.042318,6.779108,4.632676,3.653297,2.667955,0.235141,0.00e+00,0.4
bn_r3.00,bn,3.00,sto-3g,8,8,4900,63,0.01285714,6.281286,361,-77.8635859340,-77.9101617376,8.059555,9.369812,2.639218,4.879869,4.361723,3.670348,2.917427,2.704622,2.600145,0.165791,3.204263,8.583919,7.770344,6.425374,4.376459,3.561374,2.791272,0.199513,0.00e+00,0.4
beh2_r1.00,beh2,1.00,sto-3g,4,6,225,11,0.04888889,4.354350,93,-15.4809926593,-15.4814230553,0.584663,0.619496,0.173753,3.515324,3.104482,2.368687,0.985508,0.379968,0.048800,0.983207,0.184535,4.296842,3.782420,2.845379,1.110328,0.408603,0.051914,0.982144,0.00e+00,0.0
beh2_r1.26,beh2,1.26,sto-3g,4,6,225,11,0.04888889,4.354350,93,-15.5918147389,-15.5924382431,0.750047,0.799843,0.230139,3.551047,3.185388,2.501122,1.147546,0.481096,0.066413,0.977213,0.246221,4.338988,3.878073,3.003908,1.301242,0.521897,0.071060,0.975636,0.00e+00,0.0
beh2_r1.51,beh2,1.51,sto-3g,4,6,225,12,0.05333333,4.228819,93,-15.5725594438,-15.5738155246,1.112712,1.212647,0.351851,3.612057,3.288200,2.675144,1.398802,0.670667,0.110183,0.962439,0.385832,4.449717,4.045932,3.266504,1.630359,0.747940,0.120679,0.958929,0.00e+00,0.0
beh2_r1.77,beh2,1.77,sto-3g,4,6,225,17,0.07555556,3.726318,93,-15.5065787079,-15.5095959017,1.736861,1.975388,0.566024,3.714103,3.436071,2.904224,1.732458,0.963045,0.199830,0.932728,0.651039,4.567667,4.225612,3.566632,2.082918,1.123866,0.230140,0.922880,0.00e+00,0.0
beh2_r2.03,beh2,2.03,sto-3g,4,6,225,27,0.12000000,3.058894,93,-15.4304801557,-15.4378585403,2.633477,3.191386,0.881605,3.807408,3.573128,3.124685,2.094643,1.336350,0.361991,0.880553,1.091872,4.713867,4.429374,3.900477,2.631994,1.665151,0.453731,0.852192,0.00e+00,0.0
beh2_r2.29,beh2,2.29,sto-3g,4,6,225,32,0.14222222,2.813781,93,-15.3632863117,-15.3796467157,3.841037,4.885770,1.309564,3.917442,3.724159,3.360708,2.481429,1.776550,0.665690,0.785132,1.739728,4.840377,4.632353,4.236415,3.227455,2.348259,0.903949,0.716662,0.00e+00,0.0
beh2_r2.54,beh2,2.54,sto-3g,4,6,225,31,0.13777778,2.859585,93,-15.3218660887,-15.3482111060,5.335967,6.395541,1.909862,3.983767,3.819796,3.533972,2.860023,2.305220,1.290382,0.576014,2.386798,4.916879,4.730598,4.414970,3.628855,2.920838,1.555679,0.508125,0.00e+00,0.0
beh2_r2.80,beh2,2.80,sto-3g,4,6,225,30,0.13333333,2.906891,93,-15.3086843928,-15.3380052521,5.968781,6.914657,2.334512,4.022606,3.899989,3.673510,3.142145,2.687547,1.702295,0.406197,2.708957,4.928079,4.776871,4.502663,3.824026,3.203233,1.857858,0.388640,0.00e+00,0.0
h12_r1.00,h12,1.00,sto-3g,12,12,853776,20910,0.02449120,5.351593,1819,-6.4287741959,nan,3.574655,nan,1.516173,9.172488,8.819496,8.075884,5.792059,3.162025,0.428481,0.861491,nan,nan,nan,nan,nan,nan,nan,nan,0.00e+00,0.2
h12_r1.60,h12,1.60,sto-3g,12,12,853776,215758,0.25271031,1.984444,1819,-5.7065470155,nan,7.328437,nan,3.612940,9.413732,9.189793,8.739964,7.399971,5.562118,1.183497,0.662645,nan,nan,nan,nan,nan,nan,nan,nan,0.00e+00,0.2
h12_r2.40,h12,2.40,sto-3g,12,12,853776,309784,0.36283990,1.462595,1819,-4.9168755683,nan,9.437835,nan,5.015504,9.490565,9.315898,8.983895,8.052918,6.735395,1.823447,0.530700,nan,nan,nan,nan,nan,nan,nan,nan,0.00e+00,0.2
c2h2_r1.00,c2h2,1.00,sto-3g,10,10,63504,617,0.00971592,6.685434,876,-75.8514045237,-75.8584658245,1.727496,1.991068,0.653143,7.114218,6.737372,5.938245,3.571815,1.540550,0.167404,0.943590,0.757870,12.073558,11.163025,9.351626,4.850189,1.852248,0.194735,0.934681,0.00e+00,6.5
c2h2_r1.35,c2h2,1.35,sto-3g,10,10,63504,1355,0.02133724,5.550483,876,-75.8942925801,-75.9269674165,3.387740,4.754113,1.281778,7.175818,6.842977,6.174410,4.261518,2.394581,0.403181,0.869043,1.843884,12.453802,11.728690,10.310746,6.603893,3.490237,0.597458,0.811890,0.00e+00,8.0
c2h2_r1.70,c2h2,1.70,sto-3g,10,10,63504,4449,0.07005858,3.835294,876,-75.5053949095,-75.6145579103,5.508509,10.028143,2.189511,7.295098,7.021310,6.485456,4.982919,3.397131,0.823115,0.749610,4.384234,12.822891,12.312879,11.344564,8.816647,6.318942,1.881813,0.513188,0.00e+00,9.2
c2h2_r2.05,c2h2,2.05,sto-3g,10,10,63504,5325,0.08385299,3.575994,876,-75.2954535451,-75.4491877505,6.537130,13.539799,2.183576,6.460998,6.133520,5.547600,4.107737,2.933112,1.216761,0.633008,6.576757,13.131817,12.662592,11.800204,9.708694,7.893497,4.567005,0.113073,0.00e+00,16.9
c2h2_r2.40,c2h2,2.40,sto-3g,10,10,63504,2515,0.03960380,4.658217,876,-75.2309860189,-75.3933763580,9.814785,14.969818,3.631619,5.946375,5.473845,4.874294,4.129767,3.818144,3.183542,0.197148,6.836787,12.957443,12.364683,11.372291,9.220079,7.698605,5.705023,0.054442,0.00e+00,34.5
co2_r1.00,co2,1.00,sto-3g,16,12,245025,946,0.00386083,8.016873,1425,-184.9675356985,nan,1.737179,nan,0.650570,7.614745,7.161823,6.254781,3.662870,1.532958,0.172813,0.941780,nan,nan,nan,nan,nan,nan,nan,nan,0.00e+00,0.1
co2_r1.47,co2,1.47,sto-3g,16,12,245025,7315,0.02985410,5.065927,1425,-185.1144379783,nan,3.752406,nan,1.732612,7.882898,7.577763,6.979699,5.193590,3.175078,0.513566,0.836714,nan,nan,nan,nan,nan,nan,nan,nan,0.00e+00,0.1
co2_r1.93,co2,1.93,sto-3g,16,12,245025,4843,0.01976533,5.660884,1425,-184.7726442461,nan,8.937015,nan,4.009905,7.701446,7.325243,6.705989,5.477757,4.622957,2.612473,0.381287,nan,nan,nan,nan,nan,nan,nan,nan,0.00e+00,0.1
co2_r2.40,co2,2.40,sto-3g,16,12,245025,2529,0.01032140,6.598218,1425,-184.6849393076,nan,10.617827,nan,4.159624,7.139973,6.531865,5.742404,4.814501,4.401628,3.744701,0.103034,nan,nan,nan,nan,nan,nan,nan,nan,0.00e+00,0.3
n2b_r1.10,n2b,1.10,6-31g,10,12,627264,1135,0.00180945,9.110233,1716,-108.9912837370,nan,1.888121,nan,0.698591,7.871611,7.425903,6.507587,3.830885,1.612565,0.193208,0.935084,nan,nan,nan,nan,nan,nan,nan,nan,0.00e+00,0.1
n2b_r1.60,n2b,1.60,6-31g,10,12,627264,4218,0.00672444,7.216370,1716,-108.8117932855,nan,3.861039,nan,1.408566,7.890694,7.465069,6.631066,4.386808,2.457156,0.518263,0.833678,nan,nan,nan,nan,nan,nan,nan,nan,0.00e+00,0.1
n2b_r2.50,n2b,2.50,6-31g,10,12,627264,3418,0.00544906,7.519777,1716,-108.5478219998,nan,9.080221,nan,3.132906,6.757183,5.987142,4.975934,3.780327,3.343846,2.852959,0.151522,nan,nan,nan,nan,nan,nan,nan,nan,0.00e+00,0.1
