system,n_fci,n,fraction,err_mha,boundary_mha,tail_weight,seconds
h10_r1.60,63504,20,0.000315,286.965918,0.698113,1.097086e-03,19.4
h10_r1.60,63504,28,0.000441,270.708004,1.511827,1.938081e-03,19.4
h10_r1.60,63504,40,0.000630,241.227777,2.091663,2.323680e-03,19.4
h10_r1.60,63504,57,0.000898,208.755090,1.255584,1.561205e-03,19.4
h10_r1.60,63504,81,0.001276,193.780774,1.084313,1.247019e-03,19.4
h10_r1.60,63504,115,0.001811,171.564057,2.371087,2.108060e-03,19.4
h10_r1.60,63504,164,0.002583,148.856741,1.446643,1.484419e-03,19.5
h10_r1.60,63504,233,0.003669,124.888624,2.125887,1.913599e-03,19.5
h10_r1.60,63504,330,0.005197,101.321329,1.998397,1.721588e-03,19.5
h10_r1.60,63504,469,0.007385,81.789484,1.456518,1.045312e-03,19.5
h10_r1.60,63504,666,0.010488,67.996508,1.228887,8.319334e-04,19.5
h10_r1.60,63504,946,0.014897,58.196596,1.191962,7.523730e-04,19.6
h10_r1.60,63504,1343,0.021148,49.584345,0.971866,5.961667e-04,19.6
h10_r1.60,63504,1907,0.030030,41.059691,1.073046,6.356307e-04,19.7
h10_r1.60,63504,2707,0.042627,32.775021,1.197890,6.941543e-04,19.9
h10_r1.60,63504,3844,0.060532,25.297866,1.238934,6.984235e-04,20.1
h10_r1.60,63504,5458,0.085947,18.337942,1.301453,7.031989e-04,20.4
h10_r1.60,63504,7750,0.122040,12.000287,1.293047,6.825897e-04,20.9
h10_r1.60,63504,11004,0.173280,6.565582,1.145307,5.929257e-04,21.7
h10_r1.60,63504,15624,0.246032,2.625013,0.810588,4.022197e-04,23.4
h10_r1.60,63504,22184,0.349332,0.490432,0.434175,2.059162e-04,26.1
h10_r1.60,63504,31499,0.496016,0.000009,0.018902,8.566559e-06,31.1
h10_r1.60,63504,44725,0.704286,0.000000,-0.000000,7.521697e-27,40.6
h10_r1.60,63504,63504,1.000000,-0.000000,0.000000,7.981249e-26,60.0
h8_r1.60,4900,20,0.004082,187.877811,1.702851,2.299977e-03,0.6
h8_r1.60,4900,25,0.005102,165.852217,1.714063,1.795714e-03,0.6
h8_r1.60,4900,32,0.006531,137.408837,2.189059,2.499867e-03,0.6
h8_r1.60,4900,41,0.008367,132.021779,0.721097,7.998204e-04,0.6
h8_r1.60,4900,52,0.010612,119.110602,1.109769,1.185132e-03,0.6
h8_r1.60,4900,66,0.013469,104.608377,2.975544,3.106612e-03,0.6
h8_r1.60,4900,84,0.017143,85.132092,1.249218,1.328282e-03,0.6
h8_r1.60,4900,107,0.021837,72.331377,2.226994,2.010586e-03,0.6
h8_r1.60,4900,136,0.027755,58.559536,2.093584,1.827920e-03,0.6
h8_r1.60,4900,172,0.035102,46.769097,1.598129,1.523827e-03,0.6
h8_r1.60,4900,219,0.044694,38.170392,1.188655,8.356402e-04,0.7
h8_r1.60,4900,278,0.056735,31.747716,1.265345,9.020587e-04,0.7
h8_r1.60,4900,353,0.072041,26.787431,1.252674,7.989282e-04,0.7
h8_r1.60,4900,448,0.091429,21.463284,1.228356,8.733161e-04,0.7
h8_r1.60,4900,569,0.116122,16.831939,1.325094,8.265863e-04,0.7
h8_r1.60,4900,723,0.147551,12.135327,1.499261,9.539329e-04,0.7
h8_r1.60,4900,918,0.187347,7.304748,1.377759,9.259273e-04,0.7
h8_r1.60,4900,1167,0.238163,3.737649,0.945236,6.393383e-04,0.8
h8_r1.60,4900,1482,0.302449,1.650076,0.804881,5.073453e-04,0.8
h8_r1.60,4900,1882,0.384082,0.380890,0.404010,2.512779e-04,0.9
h8_r1.60,4900,2391,0.487959,0.000593,0.054024,3.301192e-05,1.0
h8_r1.60,4900,3037,0.619796,0.000000,0.000000,1.634172e-27,1.2
h8_r1.60,4900,3858,0.787347,0.000000,-0.000000,2.332159e-27,1.5
h8_r1.60,4900,4900,1.000000,-0.000000,0.000000,1.303945e-25,1.9
h8_r0.90,4900,20,0.004082,46.608325,3.551404,1.614144e-03,0.5
h8_r0.90,4900,25,0.005102,41.734018,1.203888,7.230421e-04,0.5
h8_r0.90,4900,32,0.006531,35.815699,2.035428,1.082237e-03,0.5
h8_r0.90,4900,41,0.008367,27.757933,2.662732,1.181079e-03,0.5
h8_r0.90,4900,52,0.010612,22.534506,1.466550,8.486330e-04,0.5
h8_r0.90,4900,66,0.013469,17.585948,1.944625,8.881584e-04,0.5
h8_r0.90,4900,84,0.017143,12.414628,1.892591,7.867761e-04,0.5
h8_r0.90,4900,107,0.021837,8.990048,1.525833,6.804402e-04,0.5
h8_r0.90,4900,136,0.027755,5.568698,1.363409,4.902731e-04,0.5
h8_r0.90,4900,172,0.035102,3.694217,0.696741,2.583466e-04,0.5
h8_r0.90,4900,219,0.044694,2.718860,0.316100,1.217279e-04,0.5
h8_r0.90,4900,278,0.056735,2.071169,0.257849,8.058296e-05,0.5
h8_r0.90,4900,353,0.072041,1.565171,0.183536,6.235831e-05,0.5
h8_r0.90,4900,448,0.091429,1.156241,0.169782,4.771962e-05,0.5
h8_r0.90,4900,569,0.116122,0.805269,0.139475,3.982035e-05,0.5
h8_r0.90,4900,723,0.147551,0.495814,0.120916,3.427307e-05,0.6
h8_r0.90,4900,918,0.187347,0.248918,0.097737,2.455266e-05,0.6
h8_r0.90,4900,1167,0.238163,0.104741,0.053048,1.312054e-05,0.6
h8_r0.90,4900,1482,0.302449,0.030967,0.024425,5.956955e-06,0.7
h8_r0.90,4900,1882,0.384082,0.004279,0.007944,1.688548e-06,0.8
h8_r0.90,4900,2391,0.487959,0.000009,0.000500,9.755063e-08,0.9
h8_r0.90,4900,3037,0.619796,-0.000000,0.000000,1.718249e-26,1.0
h8_r0.90,4900,3858,0.787347,-0.000000,0.000000,5.629726e-27,1.2
h8_r0.90,4900,4900,1.000000,-0.000000,0.000000,4.826905e-27,1.6
n2_r1.10,3136,20,0.006378,32.131258,2.523185,1.545184e-03,0.2
n2_r1.10,3136,25,0.007972,19.973979,3.088146,1.426515e-03,0.2
n2_r1.10,3136,31,0.009885,14.815038,2.007415,8.712995e-04,0.2
n2_r1.10,3136,39,0.012436,11.262526,1.718249,6.080062e-04,0.2
n2_r1.10,3136,48,0.015306,8.355582,1.342297,5.378564e-04,0.2
n2_r1.10,3136,60,0.019133,5.722256,0.711077,4.376898e-04,0.2
n2_r1.10,3136,75,0.023916,3.218685,0.960663,4.318251e-04,0.2
n2_r1.10,3136,93,0.029656,1.906752,0.451657,1.855166e-04,0.2
n2_r1.10,3136,116,0.036990,0.879840,0.489271,1.360827e-04,0.2
n2_r1.10,3136,145,0.046237,0.403360,0.162318,4.797245e-05,0.2
n2_r1.10,3136,180,0.057398,0.191556,0.086193,2.577491e-05,0.2
n2_r1.10,3136,224,0.071429,0.080075,0.040083,1.099258e-05,0.2
n2_r1.10,3136,280,0.089286,0.023434,0.024590,6.404071e-06,0.2
n2_r1.10,3136,348,0.110969,0.002826,0.003677,1.362064e-06,0.3
n2_r1.10,3136,434,0.138393,0.000132,0.000349,1.320929e-07,0.3
n2_r1.10,3136,540,0.172194,0.000001,0.000011,3.003100e-09,0.3
n2_r1.10,3136,673,0.214605,-0.000000,0.000000,1.629046e-11,0.3
n2_r1.10,3136,839,0.267538,-0.000000,0.000000,1.509347e-26,0.3
n2_r1.10,3136,1045,0.333227,-0.000000,-0.000000,6.619575e-26,0.4
n2_r1.10,3136,1302,0.415179,-0.000000,-0.000000,3.669430e-26,0.4
n2_r1.10,3136,1622,0.517219,-0.000000,0.000000,3.267553e-26,0.5
n2_r1.10,3136,2021,0.644452,-0.000000,0.000000,2.043520e-29,0.6
n2_r1.10,3136,2517,0.802615,-0.000000,0.000000,1.932868e-29,0.7
n2_r1.10,3136,3136,1.000000,-0.000000,0.000000,1.837909e-29,0.9
n2_r2.00,3136,20,0.006378,54.573289,1.105048,5.520116e-03,0.3
n2_r2.00,3136,25,0.007972,24.822958,0.010252,2.015379e-05,0.3
n2_r2.00,3136,31,0.009885,22.468546,0.104809,5.348151e-04,0.3
n2_r2.00,3136,39,0.012436,21.207154,0.130834,2.762586e-04,0.3
n2_r2.00,3136,48,0.015306,17.442213,2.880866,2.977941e-03,0.3
n2_r2.00,3136,60,0.019133,11.235966,2.538543,1.683218e-03,0.3
n2_r2.00,3136,75,0.023916,7.744791,1.038994,1.268152e-03,0.3
n2_r2.00,3136,93,0.029656,4.708765,1.043928,6.692851e-04,0.3
n2_r2.00,3136,116,0.036990,2.873638,0.951380,7.941455e-04,0.3
n2_r2.00,3136,145,0.046237,1.572021,0.307433,3.201027e-04,0.3
n2_r2.00,3136,180,0.057398,0.827056,0.298547,3.006537e-04,0.3
n2_r2.00,3136,224,0.071429,0.323772,0.187778,1.247587e-04,0.3
n2_r2.00,3136,280,0.089286,0.123019,0.055760,3.692928e-05,0.3
n2_r2.00,3136,348,0.110969,0.032779,0.030081,2.018778e-05,0.3
n2_r2.00,3136,434,0.138393,0.004397,0.008312,4.888974e-06,0.4
n2_r2.00,3136,540,0.172194,0.000135,0.000980,5.310763e-07,0.4
n2_r2.00,3136,673,0.214605,0.000000,0.000002,7.699373e-10,0.4
n2_r2.00,3136,839,0.267538,-0.000000,-0.000000,1.918230e-22,0.4
n2_r2.00,3136,1045,0.333227,-0.000000,-0.000000,3.286647e-24,0.5
n2_r2.00,3136,1302,0.415179,-0.000000,0.000000,1.051342e-25,0.5
n2_r2.00,3136,1622,0.517219,0.000000,-0.000000,7.973295e-26,0.6
n2_r2.00,3136,2021,0.644452,-0.000000,0.000000,2.998443e-26,0.7
n2_r2.00,3136,2517,0.802615,-0.000000,-0.000000,5.828520e-26,0.9
n2_r2.00,3136,3136,1.000000,-0.000000,-0.000000,2.452260e-26,1.1
co_r1.13,3136,20,0.006378,52.039888,1.434518,1.474128e-03,0.3
co_r1.13,3136,25,0.007972,43.122329,1.621782,1.398099e-03,0.3
co_r1.13,3136,31,0.009885,33.815700,3.550506,1.907950e-03,0.3
co_r1.13,3136,39,0.012436,25.007625,2.503956,1.561172e-03,0.3
co_r1.13,3136,48,0.015306,21.084064,1.491751,1.305836e-03,0.3
co_r1.13,3136,60,0.019133,16.393078,1.643113,9.590539e-04,0.3
co_r1.13,3136,75,0.023916,11.296054,2.194589,1.046716e-03,0.3
co_r1.13,3136,93,0.029656,8.129366,1.141715,4.747986e-04,0.3
co_r1.13,3136,116,0.036990,6.322875,0.646128,3.774944e-04,0.3
co_r1.13,3136,145,0.046237,4.767332,0.605969,2.982609e-04,0.3
co_r1.13,3136,180,0.057398,3.129922,0.682673,2.268605e-04,0.3
co_r1.13,3136,224,0.071429,2.121630,0.367518,1.241003e-04,0.3
co_r1.13,3136,280,0.089286,1.395051,0.311185,1.040459e-04,0.3
co_r1.13,3136,348,0.110969,0.869594,0.232514,6.593328e-05,0.3
co_r1.13,3136,434,0.138393,0.509465,0.141886,4.559818e-05,0.3
co_r1.13,3136,540,0.172194,0.247160,0.122163,3.404734e-05,0.3
co_r1.13,3136,673,0.214605,0.107351,0.065369,1.724369e-05,0.3
co_r1.13,3136,839,0.267538,0.031587,0.026840,8.274142e-06,0.4
co_r1.13,3136,1045,0.333227,0.003093,0.008168,2.068880e-06,0.4
co_r1.13,3136,1302,0.415179,0.000000,0.000327,7.330753e-08,0.5
co_r1.13,3136,1622,0.517219,0.000000,0.000000,8.685556e-27,0.5
co_r1.13,3136,2021,0.644452,-0.000000,0.000000,2.546921e-27,0.6
co_r1.13,3136,2517,0.802615,0.000000,0.000000,1.563614e-26,0.8
co_r1.13,3136,3136,1.000000,0.000000,0.000000,4.400340e-27,1.0
lif_r1.60,4900,20,0.004082,25.698934,0.316222,1.105584e-03,0.7
lif_r1.60,4900,25,0.005102,19.148550,0.348638,1.192449e-03,0.7
lif_r1.60,4900,32,0.006531,16.369874,0.146908,3.232222e-04,0.7
lif_r1.60,4900,41,0.008367,11.615995,0.583034,7.039027e-04,0.7
lif_r1.60,4900,52,0.010612,7.550514,0.671887,7.844994e-04,0.7
lif_r1.60,4900,66,0.013469,5.231079,0.788319,5.052712e-04,0.7
lif_r1.60,4900,84,0.017143,3.489183,0.750365,4.012159e-04,0.7
lif_r1.60,4900,107,0.021837,2.227011,0.295772,2.207293e-04,0.7
lif_r1.60,4900,136,0.027755,1.125849,0.313024,1.723402e-04,0.7
lif_r1.60,4900,172,0.035102,0.695423,0.106104,5.284786e-05,0.7
lif_r1.60,4900,219,0.044694,0.446233,0.083564,3.462422e-05,0.7
lif_r1.60,4900,278,0.056735,0.260308,0.056290,1.973100e-05,0.7
lif_r1.60,4900,353,0.072041,0.109757,0.049791,1.593345e-05,0.7
lif_r1.60,4900,448,0.091429,0.045884,0.018842,5.949347e-06,0.7
lif_r1.60,4900,569,0.116122,0.018895,0.009021,2.994977e-06,0.7
lif_r1.60,4900,723,0.147551,0.006450,0.004938,1.040942e-06,0.8
lif_r1.60,4900,918,0.187347,0.001247,0.001271,2.640104e-07,0.8
lif_r1.60,4900,1167,0.238163,0.000177,0.000320,6.855378e-08,0.9
lif_r1.60,4900,1482,0.302449,0.000021,0.000030,5.739923e-09,0.9
lif_r1.60,4900,1882,0.384082,0.000000,0.000003,5.660038e-10,1.0
lif_r1.60,4900,2391,0.487959,0.000000,0.000000,1.898872e-15,1.2
lif_r1.60,4900,3037,0.619796,0.000000,-0.000000,7.897697e-27,1.4
lif_r1.60,4900,3858,0.787347,0.000000,0.000000,2.127134e-27,1.7
lif_r1.60,4900,4900,1.000000,0.000000,0.000000,3.073785e-28,2.3
c2_r1.25,4900,20,0.004082,70.763282,6.016556,5.919832e-03,0.5
c2_r1.25,4900,25,0.005102,61.123022,2.041735,1.720498e-03,0.5
c2_r1.25,4900,32,0.006531,54.481050,1.391382,1.251371e-03,0.5
c2_r1.25,4900,41,0.008367,44.129648,1.842172,2.097406e-03,0.5
c2_r1.25,4900,52,0.010612,40.177001,1.676465,2.072229e-03,0.5
c2_r1.25,4900,66,0.013469,30.474433,1.980762,1.793779e-03,0.5
c2_r1.25,4900,84,0.017143,23.046361,3.246906,2.471873e-03,0.5
c2_r1.25,4900,107,0.021837,14.880546,3.307958,1.739075e-03,0.5
c2_r1.25,4900,136,0.027755,10.587342,1.734421,8.236657e-04,0.5
c2_r1.25,4900,172,0.035102,8.076001,0.903219,5.361173e-04,0.5
c2_r1.25,4900,219,0.044694,5.663695,1.011991,4.367178e-04,0.5
c2_r1.25,4900,278,0.056735,3.822383,0.822899,3.837925e-04,0.5
c2_r1.25,4900,353,0.072041,2.141144,0.543226,2.071404e-04,0.5
c2_r1.25,4900,448,0.091429,1.186526,0.368800,1.484392e-04,0.5
c2_r1.25,4900,569,0.116122,0.567056,0.257223,8.687525e-05,0.6
c2_r1.25,4900,723,0.147551,0.206321,0.149972,4.942886e-05,0.6
c2_r1.25,4900,918,0.187347,0.023771,0.051784,1.825179e-05,0.6
c2_r1.25,4900,1167,0.238163,0.000000,0.000455,1.543231e-07,0.6
c2_r1.25,4900,1482,0.302449,0.000000,-0.000000,1.346925e-26,0.7
c2_r1.25,4900,1882,0.384082,0.000000,-0.000000,1.875150e-27,0.8
c2_r1.25,4900,2391,0.487959,0.000000,-0.000000,2.867037e-26,0.9
c2_r1.25,4900,3037,0.619796,0.000000,-0.000000,1.296165e-28,1.1
c2_r1.25,4900,3858,0.787347,0.000000,-0.000000,1.067377e-29,1.3
c2_r1.25,4900,4900,1.000000,0.000000,-0.000000,1.215900e-27,1.8
