system,basis,nelecas,norbcas,qubits,n_fci,n_needed,fraction,err_mha,target_mha,fci_energy,seconds
h4_r0.7,sto-3g,4,4,8,36,10,0.277778,1.3430,1.6,-2.1069969151,0.0
h4_r1.0,sto-3g,4,4,8,36,11,0.305556,1.4377,1.6,-2.1663874486,0.0
h4_r1.4,sto-3g,4,4,8,36,12,0.333333,0.8263,1.6,-2.0290704936,0.0
h4_r1.8,sto-3g,4,4,8,36,13,0.361111,1.5667,1.6,-1.9244306381,0.0
h4_r2.4,sto-3g,4,4,8,36,12,0.333333,1.1874,1.6,-1.8746515825,0.0
h4_r3.0,sto-3g,4,4,8,36,6,0.166667,0.4101,1.6,-1.8672913724,0.0
h6_r0.7,sto-3g,6,6,12,400,45,0.112500,1.4332,1.6,-3.0779954520,0.0
h6_r1.0,sto-3g,6,6,12,400,72,0.180000,1.5833,1.6,-3.2360662799,0.0
h6_r1.4,sto-3g,6,6,12,400,113,0.282500,1.5819,1.6,-3.0446002441,0.0
h6_r1.8,sto-3g,6,6,12,400,144,0.360000,1.5135,1.6,-2.8875693764,0.0
h6_r2.4,sto-3g,6,6,12,400,142,0.355000,1.5862,1.6,-2.8121194749,0.1
h6_r3.0,sto-3g,6,6,12,400,20,0.050000,0.8429,1.6,-2.8009588997,0.1
h8_r0.7,sto-3g,8,8,16,4900,155,0.031633,1.5906,1.6,-4.0504285793,0.7
h8_r1.0,sto-3g,8,8,16,4900,525,0.107143,1.5996,1.6,-4.3075716020,0.8
h8_r1.4,sto-3g,8,8,16,4900,1200,0.244898,1.5993,1.6,-4.0607281342,0.9
h8_r1.8,sto-3g,8,8,16,4900,1654,0.337551,1.5928,1.6,-3.8508763329,1.4
h8_r2.4,sto-3g,8,8,16,4900,1725,0.352041,1.5890,1.6,-3.7496110578,2.0
h8_r3.0,sto-3g,8,8,16,4900,92,0.018776,1.3477,1.6,-3.7346290696,1.7
lih_r1.6,sto-3g,2,5,10,25,7,0.280000,1.0606,1.6,-7.8820965999,0.0
n2_r1.1,sto-3g,10,8,16,3136,100,0.031888,1.5930,1.6,-107.6538271887,0.3
n2_r2.5,sto-3g,10,8,16,3136,102,0.032526,1.5021,1.6,-107.4404090458,0.5
h4_r0.60,h4,HHHH,0.60,sto-3g,4,4,8,36,9,0.25000000,1.3619,1.6,-1.9601936449,0.0
h4_r0.85,h4,HHHH,0.85,sto-3g,4,4,8,36,11,0.30555556,0.6670,1.6,-2.1783136329,0.0
h4_r1.11,h4,HHHH,1.11,sto-3g,4,4,8,36,12,0.33333333,0.2512,1.6,-2.1346492507,0.0
h4_r1.36,h4,HHHH,1.36,sto-3g,4,4,8,36,12,0.33333333,0.7098,1.6,-2.0432348008,0.0
h4_r1.62,h4,HHHH,1.62,sto-3g,4,4,8,36,12,0.33333333,1.5763,1.6,-1.9624064654,0.0
h4_r1.87,h4,HHHH,1.87,sto-3g,4,4,8,36,14,0.38888889,1.2626,1.6,-1.9134593167,0.0
h4_r2.13,h4,HHHH,2.13,sto-3g,4,4,8,36,13,0.36111111,1.4845,1.6,-1.8869828449,0.0
h4_r2.38,h4,HHHH,2.38,sto-3g,4,4,8,36,12,0.33333333,1.2368,1.6,-1.8752430888,0.0
h4_r2.64,h4,HHHH,2.64,sto-3g,4,4,8,36,6,0.16666667,1.3735,1.6,-1.8699246047,0.0
h4_r2.89,h4,HHHH,2.89,sto-3g,4,4,8,36,6,0.16666667,0.5997,1.6,-1.8677807051,0.0
h4_r3.15,h4,HHHH,3.15,sto-3g,4,4,8,36,6,0.16666667,0.2402,1.6,-1.8668713802,0.0
h4_r3.40,h4,HHHH,3.40,sto-3g,4,4,8,36,6,0.16666667,0.0941,1.6,-1.8665304381,0.0
h6_r0.60,h6,HHHHHH,0.60,sto-3g,6,6,12,400,40,0.10000000,1.5314,1.6,-2.7964192303,0.0
h6_r0.85,h6,HHHHHH,0.85,sto-3g,6,6,12,400,56,0.14000000,1.5442,1.6,-3.2324052782,0.0
h6_r1.11,h6,HHHHHH,1.11,sto-3g,6,6,12,400,87,0.21750000,1.5861,1.6,-3.1962280059,0.0
h6_r1.36,h6,HHHHHH,1.36,sto-3g,6,6,12,400,109,0.27250000,1.5662,1.6,-3.0655442289,0.0
h6_r1.62,h6,HHHHHH,1.62,sto-3g,6,6,12,400,135,0.33750000,1.5466,1.6,-2.9449108401,0.0
h6_r1.87,h6,HHHHHH,1.87,sto-3g,6,6,12,400,145,0.36250000,1.5535,1.6,-2.8709563574,0.1
h6_r2.13,h6,HHHHHH,2.13,sto-3g,6,6,12,400,148,0.37000000,1.5477,1.6,-2.8308174248,0.1
h6_r2.38,h6,HHHHHH,2.38,sto-3g,6,6,12,400,144,0.36000000,1.5748,1.6,-2.8130161718,0.1
h6_r2.64,h6,HHHHHH,2.64,sto-3g,6,6,12,400,100,0.25000000,1.5989,1.6,-2.8049537515,0.1
h6_r2.89,h6,HHHHHH,2.89,sto-3g,6,6,12,400,20,0.05000000,1.2157,1.6,-2.8017019244,0.1
h6_r3.15,h6,HHHHHH,3.15,sto-3g,6,6,12,400,20,0.05000000,0.5081,1.6,-2.8003205332,0.1
h6_r3.40,h6,HHHHHH,3.40,sto-3g,6,6,12,400,20,0.05000000,0.2199,1.6,-2.7998014372,0.1
h8_r0.60,h8,HHHHHHHH,0.60,sto-3g,8,8,16,4900,127,0.02591837,1.5622,1.6,-3.6316294903,0.8
h8_r0.91,h8,HHHHHHHH,0.91,sto-3g,8,8,16,4900,365,0.07448980,1.5952,1.6,-4.3130815764,0.8
h8_r1.22,h8,HHHHHHHH,1.22,sto-3g,8,8,16,4900,917,0.18714286,1.5969,1.6,-4.1881446051,0.9
h8_r1.53,h8,HHHHHHHH,1.53,sto-3g,8,8,16,4900,1416,0.28897959,1.5953,1.6,-3.9772959648,1.1
h8_r1.84,h8,HHHHHHHH,1.84,sto-3g,8,8,16,4900,1671,0.34102041,1.5952,1.6,-3.8376619332,1.5
h8_r2.16,h8,HHHHHHHH,2.16,sto-3g,8,8,16,4900,1754,0.35795918,1.5938,1.6,-3.7707523523,2.0
h8_r2.47,h8,HHHHHHHH,2.47,sto-3g,8,8,16,4900,1693,0.34551020,1.5995,1.6,-3.7459733080,2.1
h8_r2.78,h8,HHHHHHHH,2.78,sto-3g,8,8,16,4900,1238,0.25265306,1.5931,1.6,-3.7370976177,2.1
h8_r3.09,h8,HHHHHHHH,3.09,sto-3g,8,8,16,4900,92,0.01877551,1.0171,1.6,-3.7340595119,2.3
h8_r3.40,h8,HHHHHHHH,3.40,sto-3g,8,8,16,4900,94,0.01918367,0.3985,1.6,-3.7330729706,3.3
h2_r0.50,h2,HH,0.50,sto-3g,2,2,4,4,2,0.50000000,0.0000,1.6,-1.0551597945,0.0
h2_r0.78,h2,HH,0.78,sto-3g,2,2,4,4,2,0.50000000,-0.0000,1.6,-1.1357266966,0.0
h2_r1.06,h2,HH,1.06,sto-3g,2,2,4,4,2,0.50000000,0.0000,1.6,-1.0881317157,0.0
h2_r1.33,h2,HH,1.33,sto-3g,2,2,4,4,2,0.50000000,-0.0000,1.6,-1.0290456486,0.0
h2_r1.61,h2,HH,1.61,sto-3g,2,2,4,4,2,0.50000000,0.0000,1.6,-0.9821517671,0.0
h2_r1.89,h2,HH,1.89,sto-3g,2,2,4,4,2,0.50000000,0.0000,1.6,-0.9550006361,0.0
h2_r2.17,h2,HH,2.17,sto-3g,2,2,4,4,2,0.50000000,0.0000,1.6,-0.9420689586,0.0
h2_r2.44,h2,HH,2.44,sto-3g,2,2,4,4,2,0.50000000,-0.0000,1.6,-0.9367267420,0.0
h2_r2.72,h2,HH,2.72,sto-3g,2,2,4,4,2,0.50000000,0.0000,1.6,-0.9344853325,0.0
h2_r3.00,h2,HH,3.00,sto-3g,2,2,4,4,2,0.50000000,0.0000,1.6,-0.9336318446,0.0
lih_r1.00,lih,LiH,1.00,sto-3g,2,5,10,25,5,0.20000000,1.3323,1.6,-7.7840213204,0.0
lih_r1.33,lih,LiH,1.33,sto-3g,2,5,10,25,7,0.28000000,1.1447,1.6,-7.8723771866,0.0
lih_r1.67,lih,LiH,1.67,sto-3g,2,5,10,25,7,0.28000000,0.9989,1.6,-7.8803133398,0.0
lih_r2.00,lih,LiH,2.00,sto-3g,2,5,10,25,5,0.20000000,1.4395,1.6,-7.8608282582,0.0
lih_r2.33,lih,LiH,2.33,sto-3g,2,5,10,25,6,0.24000000,1.1817,1.6,-7.8354695959,0.0
lih_r2.67,lih,LiH,2.67,sto-3g,2,5,10,25,7,0.28000000,0.6919,1.6,-7.8130506737,0.0
lih_r3.00,lih,LiH,3.00,sto-3g,2,5,10,25,7,0.28000000,1.2070,1.6,-7.7985042226,0.0
lih_r3.33,lih,LiH,3.33,sto-3g,2,5,10,25,8,0.32000000,0.3855,1.6,-7.7902988128,0.0
lih_r3.67,lih,LiH,3.67,sto-3g,2,5,10,25,8,0.32000000,0.3629,1.6,-7.7859823707,0.0
lih_r4.00,lih,LiH,4.00,sto-3g,2,5,10,25,7,0.28000000,0.9653,1.6,-7.7839310200,0.0
bh_r0.80,bh,BH,0.80,sto-3g,4,5,10,100,14,0.14000000,1.4150,1.6,-24.6246203687,0.0
bh_r1.07,bh,BH,1.07,sto-3g,4,5,10,100,15,0.15000000,1.5549,1.6,-24.7920556074,0.0
bh_r1.33,bh,BH,1.33,sto-3g,4,5,10,100,15,0.15000000,0.8244,1.6,-24.8070810904,0.0
bh_r1.60,bh,BH,1.60,sto-3g,4,5,10,100,15,0.15000000,1.1629,1.6,-24.7765403861,0.0
bh_r1.87,bh,BH,1.87,sto-3g,4,5,10,100,16,0.16000000,1.2222,1.6,-24.7364313880,0.0
bh_r2.13,bh,BH,2.13,sto-3g,4,5,10,100,17,0.17000000,1.2822,1.6,-24.7033942047,0.0
bh_r2.40,bh,BH,2.40,sto-3g,4,5,10,100,18,0.18000000,1.2608,1.6,-24.6800803963,0.0
bh_r2.67,bh,BH,2.67,sto-3g,4,5,10,100,15,0.15000000,1.5849,1.6,-24.6669777461,0.0
bh_r2.93,bh,BH,2.93,sto-3g,4,5,10,100,12,0.12000000,1.1444,1.6,-24.6606707422,0.0
bh_r3.20,bh,BH,3.20,sto-3g,4,5,10,100,19,0.19000000,1.4571,1.6,-24.6575335431,0.1
hf_r0.70,hf,HF,0.70,sto-3g,8,5,10,25,5,0.20000000,0.9466,1.6,-98.4376238682,0.0
hf_r0.93,hf,HF,0.93,sto-3g,8,5,10,25,5,0.20000000,1.0616,1.6,-98.5987916421,0.0
hf_r1.17,hf,HF,1.17,sto-3g,8,5,10,25,5,0.20000000,1.3069,1.6,-98.5838071639,0.0
hf_r1.40,hf,HF,1.40,sto-3g,8,5,10,25,7,0.28000000,0.7793,1.6,-98.5379860269,0.0
hf_r1.63,hf,HF,1.63,sto-3g,8,5,10,25,6,0.24000000,1.4018,1.6,-98.4988677214,0.0
hf_r1.87,hf,HF,1.87,sto-3g,8,5,10,25,3,0.12000000,1.5820,1.6,-98.4737077107,0.0
hf_r2.10,hf,HF,2.10,sto-3g,8,5,10,25,3,0.12000000,0.9146,1.6,-98.4618664093,0.0
hf_r2.33,hf,HF,2.33,sto-3g,8,5,10,25,3,0.12000000,0.5253,1.6,-98.4566522091,0.0
hf_r2.57,hf,HF,2.57,sto-3g,8,5,10,25,3,0.12000000,0.3039,1.6,-98.4544290341,0.0
hf_r2.80,hf,HF,2.80,sto-3g,8,5,10,25,1,0.04000000,1.4210,1.6,-98.4535945644,0.1
li2_r2.00,li2,LiLi,2.00,sto-3g,2,8,16,64,5,0.07812500,0.9793,1.6,-14.6452422609,0.0
li2_r2.50,li2,LiLi,2.50,sto-3g,2,8,16,64,7,0.10937500,0.8449,1.6,-14.6657963082,0.0
li2_r3.00,li2,LiLi,3.00,sto-3g,2,8,16,64,8,0.12500000,1.0235,1.6,-14.6632818105,0.0
li2_r3.50,li2,LiLi,3.50,sto-3g,2,8,16,64,8,0.12500000,1.2859,1.6,-14.6534555425,0.0
li2_r4.00,li2,LiLi,4.00,sto-3g,2,8,16,64,8,0.12500000,1.5594,1.6,-14.6440161530,0.0
li2_r4.50,li2,LiLi,4.50,sto-3g,2,8,16,64,7,0.10937500,1.2067,1.6,-14.6376377738,0.0
li2_r5.00,li2,LiLi,5.00,sto-3g,2,8,16,64,6,0.09375000,0.8952,1.6,-14.6341240402,0.0
li2_r5.50,li2,LiLi,5.50,sto-3g,2,8,16,64,5,0.07812500,1.0513,1.6,-14.6324111484,0.0
li2_r6.00,li2,LiLi,6.00,sto-3g,2,8,16,64,4,0.06250000,0.9822,1.6,-14.6316347620,0.0
f2_r1.00,f2,FF,1.00,sto-3g,14,8,16,64,8,0.12500000,0.5478,1.6,-195.6610105082,0.0
f2_r1.27,f2,FF,1.27,sto-3g,14,8,16,64,8,0.12500000,0.5871,1.6,-196.0323905593,0.0
f2_r1.55,f2,FF,1.55,sto-3g,14,8,16,64,8,0.12500000,1.0787,1.6,-196.0344801693,0.0
f2_r1.83,f2,FF,1.83,sto-3g,14,8,16,64,7,0.10937500,1.2362,1.6,-195.9969838551,0.0
f2_r2.10,f2,FF,2.10,sto-3g,14,8,16,64,7,0.10937500,1.2001,1.6,-195.9796293700,0.0
f2_r2.38,f2,FF,2.38,sto-3g,14,8,16,64,2,0.03125000,1.0129,1.6,-195.9741025375,0.0
f2_r2.65,f2,FF,2.65,sto-3g,14,8,16,64,3,0.04687500,0.7756,1.6,-195.9734291842,0.0
f2_r2.93,f2,FF,2.93,sto-3g,14,8,16,64,3,0.04687500,0.2980,1.6,-195.9732613786,0.0
f2_r3.20,f2,FF,3.20,sto-3g,14,8,16,64,3,0.04687500,0.3057,1.6,-195.9731697251,0.0
n2_r0.80,n2,NN,0.80,sto-3g,10,8,16,3136,83,0.02646684,1.5658,1.6,-106.7659346606,0.4
n2_r1.07,n2,NN,1.07,sto-3g,10,8,16,3136,122,0.03890306,1.5865,1.6,-107.6334082792,0.4
n2_r1.33,n2,NN,1.33,sto-3g,10,8,16,3136,166,0.05293367,1.5961,1.6,-107.6494875477,0.4
n2_r1.60,n2,NN,1.60,sto-3g,10,8,16,3136,143,0.04559949,1.5986,1.6,-107.5419618354,0.4
n2_r1.87,n2,NN,1.87,sto-3g,10,8,16,3136,241,0.07684949,1.5830,1.6,-107.4704991752,0.5
n2_r2.13,n2,NN,2.13,sto-3g,10,8,16,3136,164,0.05229592,1.5822,1.6,-107.4472494987,0.5
n2_r2.40,n2,NN,2.40,sto-3g,10,8,16,3136,106,0.03380102,1.5680,1.6,-107.4412958271,0.5
n2_r2.67,n2,NN,2.67,sto-3g,10,8,16,3136,95,0.03029337,1.5372,1.6,-107.4394387166,0.5
n2_r2.93,n2,NN,2.93,sto-3g,10,8,16,3136,91,0.02901786,1.5096,1.6,-107.4386221795,0.5
n2_r3.20,n2,NN,3.20,sto-3g,10,8,16,3136,20,0.00637755,1.4515,1.6,-107.4382426773,0.6
co_r0.90,co,CO,0.90,sto-3g,10,8,16,3136,123,0.03922194,1.5890,1.6,-111.0234903034,0.3
co_r1.16,co,CO,1.16,sto-3g,10,8,16,3136,269,0.08577806,1.5962,1.6,-111.3703426270,0.4
co_r1.43,co,CO,1.43,sto-3g,10,8,16,3136,350,0.11160714,1.5912,1.6,-111.3050588609,0.5
co_r1.69,co,CO,1.69,sto-3g,10,8,16,3136,384,0.12244898,1.5912,1.6,-111.1898290609,0.6
co_r1.95,co,CO,1.95,sto-3g,10,8,16,3136,288,0.09183673,1.5971,1.6,-111.1015123507,0.6
co_r2.21,co,CO,2.21,sto-3g,10,8,16,3136,242,0.07716837,1.5921,1.6,-111.0543943028,0.9
co_r2.48,co,CO,2.48,sto-3g,10,8,16,3136,105,0.03348214,1.5945,1.6,-111.0345456653,1.5
co_r2.74,co,CO,2.74,sto-3g,10,8,16,3136,158,0.05038265,1.5908,1.6,-111.0274186276,3.0
co_r3.00,co,CO,3.00,sto-3g,10,8,16,3136,27,0.00860969,1.1821,1.6,-111.0247007708,6.5
c2_r1.00,c2,CC,1.00,sto-3g,8,8,16,4900,309,0.06306122,1.5894,1.6,-74.4958638989,0.8
c2_r1.27,c2,CC,1.27,sto-3g,8,8,16,4900,289,0.05897959,1.5917,1.6,-74.6902005313,0.9
c2_r1.55,c2,CC,1.55,sto-3g,8,8,16,4900,303,0.06183673,1.5777,1.6,-74.6259593347,1.1
c2_r1.83,c2,CC,1.83,sto-3g,8,8,16,4900,369,0.07530612,1.5994,1.6,-74.5455986805,1.3
c2_r2.10,c2,CC,2.10,sto-3g,8,8,16,4900,213,0.04346939,1.5859,1.6,-74.4849282971,1.9
c2_r2.38,c2,CC,2.38,sto-3g,8,8,16,4900,377,0.07693878,1.5799,1.6,-74.4559759619,2.4
c2_r2.65,c2,CC,2.65,sto-3g,8,8,16,4900,293,0.05979592,1.5758,1.6,-74.4450378456,3.7
c2_r2.93,c2,CC,2.93,sto-3g,8,8,16,4900,249,0.05081633,1.5624,1.6,-74.4406093888,6.0
c2_r3.20,c2,CC,3.20,sto-3g,8,8,16,4900,234,0.04775510,1.5381,1.6,-74.4388320707,10.3
lif_r1.20,lif,LiF,1.20,sto-3g,8,8,16,4900,105,0.02142857,1.5881,1.6,-105.3891303534,1.0
lif_r1.55,lif,LiF,1.55,sto-3g,8,8,16,4900,145,0.02959184,1.5934,1.6,-105.4353777460,1.0
lif_r1.90,lif,LiF,1.90,sto-3g,8,8,16,4900,179,0.03653061,1.5957,1.6,-105.3946702746,1.2
lif_r2.25,lif,LiF,2.25,sto-3g,8,8,16,4900,208,0.04244898,1.5727,1.6,-105.3512042412,1.5
lif_r2.60,lif,LiF,2.60,sto-3g,8,8,16,4900,62,0.01265306,1.5705,1.6,-105.3239944214,1.8
lif_r2.95,lif,LiF,2.95,sto-3g,8,8,16,4900,44,0.00897959,1.5192,1.6,-105.3118768986,1.9
lif_r3.30,lif,LiF,3.30,sto-3g,8,8,16,4900,8,0.00163265,1.3464,1.6,-105.3065934357,2.0
lif_r3.65,lif,LiF,3.65,sto-3g,8,8,16,4900,8,0.00163265,0.6520,1.6,-105.3041626127,2.0
lif_r4.00,lif,LiF,4.00,sto-3g,8,8,16,4900,7,0.00142857,0.8053,1.6,-105.3030212543,1.9
beo_r1.00,beo,BeO,1.00,sto-3g,8,8,16,4900,180,0.03673469,1.5849,1.6,-88.0827536084,0.9
beo_r1.25,beo,BeO,1.25,sto-3g,8,8,16,4900,366,0.07469388,1.5963,1.6,-88.3193919074,1.0
beo_r1.50,beo,BeO,1.50,sto-3g,8,8,16,4900,376,0.07673469,1.5912,1.6,-88.3142560066,1.2
beo_r1.75,beo,BeO,1.75,sto-3g,8,8,16,4900,424,0.08653061,1.5828,1.6,-88.2674296008,1.4
beo_r2.00,beo,BeO,2.00,sto-3g,8,8,16,4900,283,0.05775510,1.5855,1.6,-88.2334485774,1.4
beo_r2.25,beo,BeO,2.25,sto-3g,8,8,16,4900,136,0.02775510,1.5757,1.6,-88.2136799165,1.5
beo_r2.50,beo,BeO,2.50,sto-3g,8,8,16,4900,66,0.01346939,1.4933,1.6,-88.2095803693,1.4
beo_r2.75,beo,BeO,2.75,sto-3g,8,8,16,4900,47,0.00959184,1.3347,1.6,-88.2093016922,1.4
beo_r3.00,beo,BeO,3.00,sto-3g,8,8,16,4900,40,0.00816327,1.5925,1.6,-88.2087447389,1.3
bn_r1.00,bn,BN,1.00,sto-3g,8,8,16,4900,366,0.07469388,1.5910,1.6,-77.8699084184,0.9
bn_r1.25,bn,BN,1.25,sto-3g,8,8,16,4900,618,0.12612245,1.5979,1.6,-78.0739878391,1.1
bn_r1.50,bn,BN,1.50,sto-3g,8,8,16,4900,598,0.12204082,1.5980,1.6,-78.0394611770,1.2
bn_r1.75,bn,BN,1.75,sto-3g,8,8,16,4900,410,0.08367347,1.5974,1.6,-77.9866683993,1.4
bn_r2.00,bn,BN,2.00,sto-3g,8,8,16,4900,409,0.08346939,1.5836,1.6,-77.9583942207,1.2
bn_r2.25,bn,BN,2.25,sto-3g,8,8,16,4900,377,0.07693878,1.5986,1.6,-77.9330146100,1.2
bn_r2.50,bn,BN,2.50,sto-3g,8,8,16,4900,140,0.02857143,1.5795,1.6,-77.9187618331,1.3
bn_r2.75,bn,BN,2.75,sto-3g,8,8,16,4900,96,0.01959184,1.5985,1.6,-77.9127030688,1.4
bn_r3.00,bn,BN,3.00,sto-3g,8,8,16,4900,63,0.01285714,1.5511,1.6,-77.9101617376,1.5
beh2_r1.00,beh2,HBeH,1.00,sto-3g,4,6,12,225,11,0.04888889,0.6660,1.6,-15.4814230553,0.0
beh2_r1.26,beh2,HBeH,1.26,sto-3g,4,6,12,225,11,0.04888889,0.8718,1.6,-15.5924382431,0.0
beh2_r1.51,beh2,HBeH,1.51,sto-3g,4,6,12,225,12,0.05333333,1.1000,1.6,-15.5738155246,0.0
beh2_r1.77,beh2,HBeH,1.77,sto-3g,4,6,12,225,17,0.07555556,1.5301,1.6,-15.5095959017,0.0
beh2_r2.03,beh2,HBeH,2.03,sto-3g,4,6,12,225,27,0.12000000,1.4792,1.6,-15.4378585403,0.0
beh2_r2.29,beh2,HBeH,2.29,sto-3g,4,6,12,225,32,0.14222222,1.3012,1.6,-15.3796467157,0.0
beh2_r2.54,beh2,HBeH,2.54,sto-3g,4,6,12,225,31,0.13777778,1.0638,1.6,-15.3482111060,0.0
beh2_r2.80,beh2,HBeH,2.80,sto-3g,4,6,12,225,30,0.13333333,1.4699,1.6,-15.3380052521,0.0
h10_r0.70,h10,HHHHHHHHHH,0.70,sto-3g,10,10,20,63504,617,0.00971592,1.5985,1.6,-5.0238457282,28.6
h10_r1.30,h10,HHHHHHHHHH,1.30,sto-3g,10,10,20,63504,10075,0.15865142,1.5999,1.6,-5.1650295305,35.3
h10_r1.90,h10,HHHHHHHHHH,1.90,sto-3g,10,10,20,63504,21637,0.34071869,1.5997,1.6,-4.7757480488,66.0
h10_r2.50,h10,HHHHHHHHHH,2.50,sto-3g,10,10,20,63504,22500,0.35430839,1.5996,1.6,-4.6808913207,91.3
h10_r3.10,h10,HHHHHHHHHH,3.10,sto-3g,10,10,20,63504,374,0.00588939,1.4478,1.6,-4.6675187793,122.3
