config,family,atoms,bond_length,basis,nelecas,norbcas,qubits,n_fci,n_needed,fraction,err_mha,target_mha,fci_energy,selfchecked,seconds
h8_r0.60,h8,HHHHHHHH,0.60,sto-3g,8,8,16,4900,436,0.08897959,0.1598,0.16,-3.6316294903,1,1.3
h8_r0.91,h8,HHHHHHHH,0.91,sto-3g,8,8,16,4900,1067,0.21775510,0.1595,0.16,-4.3130815764,1,1.3
h8_r1.22,h8,HHHHHHHH,1.22,sto-3g,8,8,16,4900,1625,0.33163265,0.1595,0.16,-4.1881446051,1,1.6
h8_r1.53,h8,HHHHHHHH,1.53,sto-3g,8,8,16,4900,1984,0.40489796,0.1592,0.16,-3.9772959648,1,1.8
h8_r1.84,h8,HHHHHHHH,1.84,sto-3g,8,8,16,4900,2117,0.43204082,0.1590,0.16,-3.8376619332,1,2.5
h8_r2.16,h8,HHHHHHHH,2.16,sto-3g,8,8,16,4900,2161,0.44102041,0.1590,0.16,-3.7707523523,1,3.2
h8_r2.47,h8,HHHHHHHH,2.47,sto-3g,8,8,16,4900,2175,0.44387755,0.1578,0.16,-3.7459733080,1,3.2
h8_r2.78,h8,HHHHHHHH,2.78,sto-3g,8,8,16,4900,2146,0.43795918,0.1584,0.16,-3.7370976177,1,3.9
h8_r3.09,h8,HHHHHHHH,3.09,sto-3g,8,8,16,4900,2108,0.43020408,0.1596,0.16,-3.7340595119,1,4.8
h8_r3.40,h8,HHHHHHHH,3.40,sto-3g,8,8,16,4900,1845,0.37653061,0.1594,0.16,-3.7330729706,1,5.8
