exp_tag,family,seed,epoch,energy_logged,energy_replayed,casci,err_logged_mha,subspace_dim,max_dim,tail_weight,boundary_mha,pt2_mha,seconds
archL15-diff-absorb-s1,archL15-diff-absorb,1,0,-4.5638792963,-4.5647331869,-4.9236506527,359.7714,582,3175,2.288391e-07,0.000421,-288.4818,0.4
archL15-diff-absorb-s1,archL15-diff-absorb,1,6,-4.5850616490,-4.5844193659,-4.9236506527,338.5890,758,3175,6.333347e-07,0.000997,-271.2123,0.4
archL15-diff-absorb-s1,archL15-diff-absorb,1,7,-4.5970617971,-4.6011343973,-4.9236506527,326.5889,846,3175,1.053802e-06,0.001814,-270.5110,0.4
archL15-diff-absorb-s1,archL15-diff-absorb,1,8,-4.6886577091,-4.6877856141,-4.9236506527,234.9929,257,3175,8.091100e-06,0.013864,-150.6694,0.4
archL15-diff-absorb-s1,archL15-diff-absorb,1,10,-4.6902524886,-4.6832651250,-4.9236506527,233.3982,496,3175,5.758254e-06,0.010393,-156.2997,0.4
archL15-diff-absorb-s1,archL15-diff-absorb,1,17,-4.7569081738,-4.7367919629,-4.9236506527,166.7425,940,3175,1.021113e-05,0.016330,-128.2828,0.4
archL15-diff-absorb-s1,archL15-diff-absorb,1,27,-4.7659017009,-4.7663119545,-4.9236506527,157.7490,792,3175,6.038933e-05,0.100967,-87.2575,0.4
archL15-diff-absorb-s1,archL15-diff-absorb,1,34,-4.8148807644,-4.7980813912,-4.9236506527,108.7699,1166,3175,8.746607e-06,0.015746,-72.9752,0.4
archL15-diff-absorb-s1,archL15-diff-absorb,1,37,-4.8328618348,-4.8277114932,-4.9236506527,90.7888,996,3175,1.539855e-04,0.262674,-43.3601,0.4
archL15-diff-absorb-s1,archL15-diff-absorb,1,45,-4.8623194001,-4.8628219554,-4.9236506527,61.3313,1385,3175,5.504521e-06,0.009817,-15.7320,0.4
archL15-diff-absorb-s1,archL15-diff-absorb,1,68,-4.8631595217,-4.8632294971,-4.9236506527,60.4911,1300,3175,1.599249e-04,0.313110,-15.4282,0.5
archL15-diff-absorb-s2,archL15-diff-absorb,2,0,-4.5203611950,-4.5123944695,-4.9236506527,403.2895,421,3175,6.718491e-08,0.000100,-337.3006,0.4
archL15-diff-absorb-s2,archL15-diff-absorb,2,2,-4.6328951565,-4.6312030105,-4.9236506527,290.7555,583,3175,8.109734e-06,0.013835,-231.1189,0.4
archL15-diff-absorb-s2,archL15-diff-absorb,2,10,-4.6703936306,-4.6714151299,-4.9236506527,253.2570,602,3175,5.572469e-07,0.001059,-176.1813,0.4
archL15-diff-absorb-s2,archL15-diff-absorb,2,16,-4.6780064685,-4.6773000863,-4.9236506527,245.6442,548,3175,1.709288e-05,0.028501,-162.4207,0.4
archL15-diff-absorb-s2,archL15-diff-absorb,2,17,-4.6890837035,-4.6967128933,-4.9236506527,234.5669,603,3175,2.881299e-05,0.041210,-151.9234,0.4
archL15-diff-absorb-s2,archL15-diff-absorb,2,26,-4.7576581884,-4.7725248327,-4.9236506527,165.9925,932,3175,1.169713e-05,0.021784,-85.3978,0.4
archL15-diff-absorb-s2,archL15-diff-absorb,2,30,-4.7885757677,-4.7855334066,-4.9236506527,135.0749,951,3175,7.792201e-06,0.013980,-72.6133,0.4
archL15-diff-absorb-s2,archL15-diff-absorb,2,48,-4.7960537420,-4.7901190473,-4.9236506527,127.5969,857,3175,3.775749e-05,0.063478,-71.8894,0.4
archL15-diff-absorb-s2,archL15-diff-absorb,2,88,-4.8206692636,-4.8238385532,-4.9236506527,102.9814,1089,3175,1.186703e-04,0.184782,-48.4011,0.4
archL15-diff-absorb-s2,archL15-diff-absorb,2,100,-4.8284689118,-4.8218999605,-4.9236506527,95.1817,923,3175,1.297554e-04,0.199171,-48.2214,0.4
archL15-diff-absorb-s2,archL15-diff-absorb,2,127,-4.8396768378,-4.8508073856,-4.9236506527,83.9738,1164,3175,1.365762e-04,0.234927,-27.5847,0.4
archL15-diff-absorb-s2,archL15-diff-absorb,2,131,-4.8406115229,-4.7338373099,-4.9236506527,83.0391,1086,3175,6.066348e-05,0.086579,-30.0142,0.4
archL15-diff-absorb-s2,archL15-diff-absorb,2,154,-4.8550264632,-4.8463053726,-4.9236506527,68.6242,1179,3175,2.824965e-04,0.461938,-33.3539,0.5
archL15-diff-absorb-s2,archL15-diff-absorb,2,217,-4.8582174716,-4.8572462844,-4.9236506527,65.4332,1178,3175,2.839678e-04,0.461594,-21.1033,0.5
archL15-diff-absorb-s3,archL15-diff-absorb,3,0,-4.5282856656,-4.5245099610,-4.9236506527,395.3650,213,3175,2.051565e-07,0.000307,-322.2768,0.4
archL15-diff-absorb-s3,archL15-diff-absorb,3,1,-4.6108393481,-4.6106933538,-4.9236506527,312.8113,228,3175,2.215861e-08,0.000037,-227.7872,0.4
archL15-diff-absorb-s3,archL15-diff-absorb,3,5,-4.6188174897,-4.6192025929,-4.9236506527,304.8332,209,3175,3.366731e-05,0.042719,-225.1258,0.4
archL15-diff-absorb-s3,archL15-diff-absorb,3,6,-4.7205598009,-4.7258372331,-4.9236506527,203.0909,756,3175,7.964565e-06,0.013583,-117.7574,0.4
archL15-diff-absorb-s3,archL15-diff-absorb,3,23,-4.7216533638,-4.7214762431,-4.9236506527,201.9973,831,3175,1.154801e-05,0.019133,-130.3198,0.4
archL15-diff-absorb-s3,archL15-diff-absorb,3,27,-4.8333479305,-4.8290452370,-4.9236506527,90.3027,1150,3175,5.076085e-06,0.008858,-42.4366,0.4
archL15-diff-absorb-s3,archL15-diff-absorb,3,49,-4.8555957120,-4.8550096305,-4.9236506527,68.0549,1301,3175,1.160185e-04,0.236519,-24.4765,0.5
archL15-diff-absorb-s3,archL15-diff-absorb,3,59,-4.8557407999,-4.8487571704,-4.9236506527,67.9099,1328,3175,9.851339e-05,0.205964,-32.3127,0.5
archL15-diff-absorb-s3,archL15-diff-absorb,3,122,-4.8629586585,-4.8613593845,-4.9236506527,60.6920,1217,3175,3.260347e-04,0.536980,-17.3179,0.4
archL15-diff-absorb-s4,archL15-diff-absorb,4,0,-4.5637487212,-4.5615790505,-4.9236506527,359.9019,345,3175,9.230926e-08,0.000130,-289.3114,0.4
archL15-diff-absorb-s4,archL15-diff-absorb,4,2,-4.5918323480,-4.5680864654,-4.9236506527,331.8183,481,3175,1.933689e-05,0.024906,-299.9518,0.4
archL15-diff-absorb-s4,archL15-diff-absorb,4,4,-4.6020908468,-4.6029637914,-4.9236506527,321.5598,286,3175,1.100723e-06,0.001780,-226.5148,0.4
archL15-diff-absorb-s4,archL15-diff-absorb,4,5,-4.6076312879,-4.6074026468,-4.9236506527,316.0194,619,3175,3.091889e-06,0.004984,-268.8355,0.4
archL15-diff-absorb-s4,archL15-diff-absorb,4,6,-4.6329165326,-4.6325397353,-4.9236506527,290.7341,232,3175,1.038645e-06,0.001385,-199.0431,0.4
archL15-diff-absorb-s4,archL15-diff-absorb,4,7,-4.6588631540,-4.6587530696,-4.9236506527,264.7875,422,3175,2.235851e-08,0.000044,-184.8943,0.4
archL15-diff-absorb-s4,archL15-diff-absorb,4,17,-4.6990536583,-4.6986470158,-4.9236506527,224.5970,444,3175,2.274757e-05,0.030712,-145.2892,0.4
archL15-diff-absorb-s4,archL15-diff-absorb,4,24,-4.7957405116,-4.7999353857,-4.9236506527,127.9101,936,3175,7.699067e-06,0.015697,-63.4578,0.4
archL15-diff-absorb-s4,archL15-diff-absorb,4,30,-4.8251699141,-4.8251553519,-4.9236506527,98.4807,1016,3175,1.410474e-04,0.243311,-43.8436,0.4
archL15-diff-absorb-s4,archL15-diff-absorb,4,45,-4.8348763179,-4.8194535716,-4.9236506527,88.7743,1180,3175,2.514422e-04,0.386578,-57.6322,0.4
archL15-diff-absorb-s4,archL15-diff-absorb,4,46,-4.8517762124,-4.8534313072,-4.9236506527,71.8744,1252,3175,1.255603e-04,0.237211,-25.4869,0.4
archL15-diff-absorb-s4,archL15-diff-absorb,4,47,-4.8601362046,-4.8411554363,-4.9236506527,63.5144,1285,3175,9.221039e-05,0.186519,-40.6835,0.4
archL15-diff-absorb-s4,archL15-diff-absorb,4,108,-4.8630109769,-4.8628991918,-4.9236506527,60.6397,1345,3175,2.569892e-05,0.048636,-15.6109,0.4
archL15-diff-absorb-s4,archL15-diff-absorb,4,122,-4.8631223821,-4.8563368400,-4.9236506527,60.5283,1478,3175,4.497136e-06,0.009007,-24.0080,0.5
archL15-diff-absorb-s5,archL15-diff-absorb,5,0,-4.5629528178,-4.5673640485,-4.9236506527,360.6978,408,3175,6.112337e-06,0.008205,-288.2639,0.4
archL15-diff-absorb-s5,archL15-diff-absorb,5,1,-4.6312718647,-4.6299086050,-4.9236506527,292.3788,372,3175,4.769835e-08,0.000095,-204.6989,0.4
archL15-diff-absorb-s5,archL15-diff-absorb,5,5,-4.6875427800,-4.6940000073,-4.9236506527,236.1079,636,3175,7.708646e-06,0.012879,-153.1672,0.4
archL15-diff-absorb-s5,archL15-diff-absorb,5,15,-4.7568404438,-4.7365308384,-4.9236506527,166.8102,861,3175,1.487916e-05,0.026145,-130.4515,0.4
archL15-diff-absorb-s5,archL15-diff-absorb,5,17,-4.7752716362,-4.7928268327,-4.9236506527,148.3790,868,3175,3.452250e-05,0.061590,-69.2560,0.4
archL15-diff-absorb-s5,archL15-diff-absorb,5,41,-4.8255960158,-4.7994307709,-4.9236506527,98.0546,1042,3175,5.288836e-05,0.098967,-76.2517,0.4
archL15-diff-absorb-s5,archL15-diff-absorb,5,42,-4.8637080341,-4.8636446555,-4.9236506527,59.9426,1687,3175,2.379450e-06,0.004953,-15.6963,0.6
